date,open,open,open,open,open,high,high,high,high,high,low,low,low,low,low,close,close,close,close,close,volume,volume,volume,volume,volume
2025-10-09,139.85000610351562,43.34000015258789,38.95000076293945,19.03499984741211,102.16999816894531,141.55499267578125,48.220001220703125,41.60499954223633,19.209999084472656,104.31999969482422,131.19000244140625,42.88999938964844,38.42599868774414,18.434999465942383,98.9000015258789,138.1300048828125,47.11000061035156,40.61000061035156,18.579999923706055,99.27999877929688,17273200,155458400,22078400,44906200,7306300
2025-10-10,137.69000244140625,47.83000183105469,41.02000045776367,18.739999771118164,100.9000015258789,161.41000366210938,49.130001068115234,44.83000183105469,19.204999923706055,101.55999755859375,136.8000030517578,43.88999938964844,39.099998474121094,17.323999404907227,93.9000015258789,147.16000366210938,43.91999816894531,39.2400016784668,17.360000610351562,96.38999938964844,39386600,138979700,36466900,57335700,9768500
2025-10-13,158.0,46.459999084472656,41.84000015258789,17.920000076293945,93.36000061035156,175.89999389648438,55.22999954223633,46.400001525878906,19.385000228881836,97.30500030517578,156.5399932861328,46.369998931884766,41.70000076293945,17.790000915527344,91.9000015258789,171.00999450683594,54.90999984741211,45.02000045776367,19.139999389648438,94.47000122070312,28693800,181160700,30071300,56562800,7183400
2025-10-14,168.0500030517578,54.845001220703125,43.310001373291016,18.56999969482422,92.11000061035156,183.1999969482422,58.150001525878906,47.41999816894531,21.530000686645508,93.90599822998047,160.17999267578125,50.0,41.62099838256836,18.520000457763672,87.30000305175781,174.13999938964844,56.119998931884766,45.790000915527344,20.860000610351562,89.87000274658203,26214800,148012800,23524700,77114200,6984300
2025-10-15,185.9600067138672,57.880001068115234,48.2400016784668,21.649999618530273,92.79000091552734,193.83999633789062,57.970001220703125,56.15999984741211,21.8799991607666,94.6500015258789,164.0,50.5,47.95000076293945,20.214000701904297,88.80999755859375,171.55999755859375,56.34000015258789,53.43000030517578,21.399999618530273,91.91000366210938,33932400,136181800,61078600,54906500,5012600
2025-10-16,174.85000610351562,54.69499969482422,56.33000183105469,21.690000534057617,94.46499633789062,176.35000610351562,55.15999984741211,57.41999816894531,22.170000076293945,97.25,157.1999969482422,46.869998931884766,47.5099983215332,20.219999313354492,90.02999877929688,162.13999938964844,47.970001220703125,47.63999938964844,20.760000228881836,91.0199966430664,23266900,138635900,41118400,42603000,6656900
2025-10-17,157.8000030517578,44.65999984741211,48.0,19.94499969482422,89.18000030517578,171.64999389648438,48.25,48.66999816894531,20.399999618530273,90.5999984741211,155.67999267578125,43.650001525878906,42.66999816894531,18.530000686645508,85.13500213623047,163.38999938964844,46.380001068115234,44.25,19.020000457763672,87.77999877929688,20652800,112310500,30755000,47521800,5837400
2025-10-20,167.19000244140625,47.47999954223633,46.39500045776367,19.684999465942383,91.0199966430664,170.0,47.779998779296875,46.39500045776367,20.170000076293945,96.29000091552734,154.1199951171875,42.18000030517578,43.40999984741211,18.875,90.83000183105469,159.0500030517578,43.310001373291016,44.209999084472656,19.059999465942383,92.44999694824219,16751800,87195200,15883800,33849300,7893700
2025-10-21,153.14999389648438,42.52000045776367,41.130001068115234,18.950000762939453,91.29000091552734,154.4499969482422,43.599998474121094,41.7400016784668,19.350000381469727,93.45999908447266,136.6999969482422,39.04999923706055,38.31999969482422,18.010000228881836,88.94999694824219,139.44000244140625,40.0,38.369998931884766,18.229999542236328,89.0999984741211,22688900,82535100,30772200,43437400,4255100
2025-10-22,132.80999755859375,38.52000045776367,38.720001220703125,17.93000030517578,90.5999984741211,136.1820068359375,39.720001220703125,38.900001525878906,18.170000076293945,91.08999633789062,114.0,34.13999938964844,32.689998626708984,16.559999465942383,81.9000015258789,120.12000274658203,36.060001373291016,34.720001220703125,17.760000228881836,85.2699966430664,34401200,114958400,39024300,43563800,8141400
2025-10-23,119.98999786376953,40.380001068115234,35.209999084472656,17.889999389648438,86.61000061035156,129.17999267578125,41.959999084472656,38.2599983215332,18.700000762939453,88.83000183105469,116.4000015258789,37.65999984741211,34.380001068115234,17.709999084472656,84.06999969482422,124.69999694824219,39.595001220703125,37.560001373291016,18.239999771118164,87.03500366210938,18207700,164337700,21950100,28190000,4967000
2025-10-24,133.52999877929688,41.25,39.0,18.719999313354492,90.26000213623047,138.66000366210938,43.459999084472656,40.29999923706055,18.979999542236328,91.51000213623047,130.97999572753906,38.69499969482422,37.5,17.90999984741211,88.7300033569336,136.0500030517578,38.84000015258789,37.72999954223633,17.979999542236328,89.2300033569336,18105000,87712800,23940900,28596600,4621200
2025-10-27,144.8000030517578,39.564998626708984,38.869998931884766,18.530000686645508,91.91000366210938,145.0,42.61000061035156,39.59000015258789,19.09000015258789,93.37999725341797,129.6699981689453,39.13999938964844,36.92499923706055,18.15999984741211,89.55000305175781,137.42999267578125,40.2400016784668,38.709999084472656,18.329999923706055,91.58000183105469,16454000,71650800,14938400,24917100,7674000
2025-10-28,138.10000610351562,40.04499816894531,39.7599983215332,18.3700008392334,91.93000030517578,144.39999389648438,42.93000030517578,44.47999954223633,18.760000228881836,92.0,131.1999969482422,36.99100112915039,39.16999816894531,17.549999237060547,86.54000091552734,132.27999877929688,37.06999969482422,42.119998931884766,17.709999084472656,86.58999633789062,14479600,93119800,32305100,31267000,6521200
2025-10-29,134.52999877929688,37.689998626708984,42.154998779296875,17.84000015258789,88.22000122070312,152.05999755859375,40.07500076293945,44.43000030517578,18.358999252319336,90.49600219726562,131.91000366210938,36.900001525878906,40.529998779296875,17.350000381469727,87.02999877929688,143.4199981689453,39.40999984741211,43.16999816894531,18.149999618530273,88.83999633789062,18754500,64001300,18613600,30301100,5277500
2025-10-30,137.17999267578125,38.08000183105469,41.9900016784668,17.690000534057617,87.8499984741211,145.3000030517578,42.88999938964844,44.369998931884766,17.93000030517578,91.83000183105469,133.7100067138672,37.68000030517578,40.70000076293945,16.860000610351562,85.80000305175781,137.38999938964844,42.52000045776367,42.25,16.8700008392334,86.2699966430664,12172000,64904700,14854300,31318000,5778900
2025-10-31,140.5800018310547,42.22999954223633,43.75,17.270000457763672,87.91999816894531,141.6999969482422,44.52000045776367,45.540000915527344,17.674999237060547,90.19000244140625,130.11000061035156,41.68000030517578,42.08000183105469,16.799999237060547,86.81999969482422,132.77000427246094,44.27000045776367,44.869998931884766,17.6200008392334,89.8499984741211,11430700,67133200,17575000,28277600,4706700
2025-11-03,132.11000061035156,44.310001373291016,43.7400016784668,17.674999237060547,90.0,132.11000061035156,44.380001068115234,43.9900016784668,17.850000381469727,90.52999877929688,121.60099792480469,39.0,40.38999938964844,16.420000076293945,86.30999755859375,126.66999816894531,39.119998931884766,40.83000183105469,17.110000610351562,88.70999908447266,10537400,59342400,15378700,36075600,5937900
2025-11-04,119.25,37.029998779296875,39.5,16.239999771118164,85.05000305175781,122.36699676513672,38.619998931884766,40.15399932861328,16.562000274658203,88.87999725341797,111.79000091552734,34.64500045776367,35.619998931884766,15.029999732971191,83.9000015258789,112.2300033569336,35.18000030517578,35.630001068115234,15.130000114440918,84.48999786376953,12095000,55462800,17619200,48168100,9041200
2025-11-05,116.37000274658203,36.279998779296875,38.220001220703125,15.5600004196167,82.2300033569336,123.44000244140625,38.0,39.3489990234375,15.720000267028809,83.5,114.32099914550781,35.0,37.209999084472656,15.010000228881836,78.4000015258789,121.2300033569336,37.290000915527344,37.90999984741211,15.720000267028809,82.26000213623047,12483300,41383300,14542400,28137200,9000900
2025-11-06,120.12000274658203,37.11000061035156,37.2400016784668,15.510000228881836,80.28500366210938,120.94999694824219,37.13999938964844,37.40999984741211,15.680000305175781,80.4000015258789,105.98999786376953,34.20000076293945,32.31999969482422,14.225000381469727,71.93000030517578,106.75,34.36000061035156,32.459999084472656,14.229999542236328,72.08999633789062,15789600,46667000,23758800,44665100,11768000
2025-11-07,100.0,32.81999969482422,29.649999618530273,14.114999771118164,71.3499984741211,112.69999694824219,33.810001373291016,30.5,14.800000190734863,72.0199966430664,97.05999755859375,30.6200008392334,26.764999389648438,13.71500015258789,67.19000244140625,112.6500015258789,33.77000045776367,30.34000015258789,14.140000343322754,71.55999755859375,16397500,57796500,42361300,49784400,8979000
2025-11-10,116.98999786376953,34.099998474121094,32.060001373291016,14.96500015258789,75.83999633789062,117.44000244140625,34.709999084472656,32.09000015258789,14.97700023651123,75.8499984741211,107.5,32.599998474121094,27.559999465942383,14.140000343322754,71.62999725341797,111.5199966430664,33.08000183105469,28.43000030517578,14.40999984741211,71.77999877929688,12942700,38866000,31546000,36662300,6132600
2025-11-11,108.19000244140625,31.079999923706055,28.0,14.300000190734863,71.5999984741211,111.0,32.18000030517578,28.1299991607666,14.300000190734863,74.0199966430664,103.63999938964844,30.239999771118164,26.399999618530273,13.300000190734863,71.01499938964844,104.22000122070312,31.399999618530273,26.739999771118164,13.4399995803833,71.55999755859375,11727600,51004200,20087500,31265000,4446900
2025-11-12,108.5999984741211,31.1200008392334,27.049999237060547,13.664999961853027,71.4000015258789,116.9800033569336,31.649999618530273,27.780000686645508,13.869999885559082,72.06999969482422,106.95999908447266,28.049999237060547,25.59000015258789,13.210000038146973,69.3499984741211,111.16999816894531,28.299999237060547,25.959999084472656,13.239999771118164,71.0999984741211,19309500,50651600,20965100,28068500,4762300
2025-11-13,109.44999694824219,26.989999771118164,25.56999969482422,12.994999885559082,69.18499755859375,110.37999725341797,27.40999984741211,25.56999969482422,13.010000228881836,69.5,100.30000305175781,24.75,22.770000457763672,11.869999885559082,66.27999877929688,101.63999938964844,25.200000762939453,23.149999618530273,12.220000267028809,67.94000244140625,12663800,65493200,27631900,43405700,6841500
2025-11-14,94.83499908447266,23.600000381469727,21.93000030517578,11.694999694824219,65.25499725341797,106.83000183105469,26.829999923706055,23.450000762939453,12.489999771118164,69.93000030517578,93.48999786376953,23.3700008392334,21.559999465942383,11.545000076293945,64.66999816894531,97.56999969482422,25.479999542236328,22.450000762939453,12.170000076293945,68.4800033569336,15534200,68287500,26045200,28158400,6298400
2025-11-17,96.61000061035156,24.979999542236328,22.299999237060547,11.960000038146973,67.93000030517578,101.5,25.989999771118164,22.549999237060547,12.154999732971191,69.58000183105469,92.62999725341797,24.190000534057617,20.559999465942383,11.270000457763672,65.52999877929688,95.36000061035156,24.690000534057617,21.059999465942383,11.430000305175781,66.38999938964844,10697000,43085200,24986200,29540800,4988300
2025-11-18,93.69000244140625,24.350000381469727,21.149999618530273,11.1899995803833,65.80500030517578,100.54499816894531,25.90999984741211,22.3700008392334,11.75,68.33000183105469,93.1500015258789,24.239999771118164,20.700000762939453,10.970000267028809,64.19999694824219,96.62999725341797,25.709999084472656,21.540000915527344,11.529999732971191,66.7699966430664,11402400,43847100,23969000,32819100,4532100
2025-11-19,99.6500015258789,25.790000915527344,22.09000015258789,11.65999984741211,66.19999694824219,105.87999725341797,27.18000030517578,22.149999618530273,12.010000228881836,69.6500015258789,98.05000305175781,25.309999465942383,20.440000534057617,11.375,65.61100006103516,102.86000061035156,25.459999084472656,21.1299991607666,11.630000114440918,69.08999633789062,15765200,40792200,23102800,26398800,4774300
2025-11-20,106.11000061035156,26.31999969482422,22.6200008392334,12.470000267028809,71.33000183105469,109.69999694824219,26.8799991607666,22.690000534057617,13.1899995803833,72.43000030517578,87.75,22.649999618530273,18.579999923706055,11.25,64.91999816894531,88.0,22.799999237060547,18.700000762939453,11.289999961853027,65.69000244140625,20149200,54124700,31531900,53625900,7196600
2025-11-21,89.44999694824219,23.110000610351562,19.020000457763672,11.220000267028809,65.63999938964844,89.92500305175781,23.68000030517578,19.020000457763672,11.470000267028809,71.01000213623047,79.01000213623047,21.0,16.958999633789062,10.350000381469727,64.94999694824219,88.16999816894531,23.59000015258789,18.600000381469727,11.220000267028809,70.29000091552734,21721900,52393900,24848500,51738300,6471800
2025-11-24,89.16000366210938,23.719999313354492,19.0,11.390000343322754,70.69999694824219,93.19999694824219,26.760000228881836,19.979999542236328,11.984999656677246,76.41000366210938,86.56999969482422,23.635000228881836,18.440000534057617,11.289999961853027,70.69999694824219,89.55000305175781,26.56999969482422,19.940000534057617,11.949999809265137,76.05999755859375,24669600,42765900,22736500,24625800,6145900
2025-11-25,89.46499633789062,25.48900032043457,19.780000686645508,11.760000228881836,76.01000213623047,89.47000122070312,26.78499984741211,19.780000686645508,12.15999984741211,77.38999938964844,81.11000061035156,24.610000610351562,18.200000762939453,11.359999656677246,74.33999633789062,85.7699966430664,26.079999923706055,18.729999542236328,11.9399995803833,76.83999633789062,12502900,40036100,21529500,19137700,4899700
2025-11-26,88.05000305175781,26.364999771118164,19.059999465942383,12.100000381469727,77.70999908447266,89.87999725341797,26.524999618530273,19.25,12.229999542236328,79.95999908447266,85.7699966430664,25.290000915527344,18.200000762939453,11.779999732971191,76.75,88.72000122070312,25.56999969482422,19.040000915527344,11.819999694824219,77.20999908447266,8016300,28827600,19868500,19967100,3702000
2025-11-28,90.0,25.709999084472656,19.420000076293945,11.949999809265137,77.25,94.51000213623047,26.09000015258789,20.28499984741211,12.140000343322754,78.02999877929688,89.01000213623047,25.27199935913086,19.079999923706055,11.800000190734863,76.33999633789062,91.37999725341797,25.56999969482422,20.0,12.050000190734863,77.93000030517578,5692900,13998400,17890300,11085900,1774500
2025-12-01,88.54000091552734,24.915000915527344,19.280000686645508,11.710000038146973,75.55000305175781,90.5999984741211,24.979999542236328,19.329999923706055,12.020000457763672,77.05000305175781,85.5,23.399999618530273,18.049999237060547,11.4399995803833,73.9800033569336,87.36000061035156,23.450000762939453,18.079999923706055,11.520000457763672,74.06999969482422,6719900,29818000,20612000,22757400,3269000
2025-12-02,88.9800033569336,23.959999084472656,18.459999084472656,11.770000457763672,74.5999984741211,96.5,24.940000534057617,19.649999618530273,12.100000381469727,76.8499984741211,88.5999984741211,23.549999237060547,18.40999984741211,11.210000038146973,73.76000213623047,91.83999633789062,23.8799991607666,18.90999984741211,11.220000267028809,73.97000122070312,10924100,29149900,19300200,22016500,2856900
2025-12-03,90.98999786376953,23.899999618530273,18.7549991607666,11.130000114440918,73.52999877929688,97.0,26.25,20.31999969482422,11.800000190734863,75.7300033569336,89.01000213623047,23.530000686645508,18.209999084472656,10.960000038146973,73.0,96.58999633789062,26.040000915527344,20.139999389648438,11.779999732971191,74.91000366210938,7981000,34325300,25902800,20472800,2584100
2025-12-04,96.9800033569336,25.81999969482422,20.010000228881836,11.6899995803833,74.88999938964844,114.29000091552734,30.204999923706055,23.350000381469727,12.979999542236328,78.08999633789062,94.6050033569336,25.530000686645508,19.5,11.640000343322754,74.33999633789062,111.6500015258789,30.059999465942383,22.850000381469727,12.800000190734863,76.33000183105469,21446900,76980500,42614600,29987600,3648100
2025-12-05,105.98500061035156,29.545000076293945,22.34000015258789,12.680000305175781,76.16500091552734,107.58999633789062,29.600000381469727,22.420000076293945,12.949999809265137,77.86000061035156,100.51000213623047,27.329999923706055,21.299999237060547,12.5,74.7699966430664,104.66999816894531,28.110000610351562,21.389999389648438,12.760000228881836,76.66000366210938,14573800,51097800,25834700,18291400,3236300
2025-12-08,108.13999938964844,28.75,22.350000381469727,13.039999961853027,77.9800033569336,109.16999816894531,29.450000762939453,22.959999084472656,13.119999885559082,78.77999877929688,100.5999984741211,27.020000457763672,20.860000610351562,12.510000228881836,76.33000183105469,104.61000061035156,28.260000228881836,21.559999465942383,12.680000305175781,77.04000091552734,9420700,33282500,24333200,16470400,3415000
2025-12-09,103.61000061035156,27.760000228881836,20.899999618530273,12.51200008392334,76.68000030517578,107.55000305175781,28.459999084472656,21.950000762939453,12.737000465393066,76.7249984741211,101.91999816894531,26.780000686645508,20.6200008392334,12.274999618530273,74.62000274658203,103.93000030517578,28.219999313354492,21.31999969482422,12.3100004196167,75.87999725341797,6792000,31275800,16250000,25259300,2782900
2025-12-10,102.9000015258789,27.729999542236328,20.6200008392334,12.255000114440918,75.63999938964844,104.56999969482422,27.75,21.114999771118164,12.470000267028809,77.19999694824219,98.31700134277344,26.09000015258789,19.770000457763672,11.989999771118164,73.87999725341797,100.5999984741211,26.1200008392334,20.31999969482422,12.210000038146973,75.06999969482422,9298300,45188000,22479000,21337700,2778500
2025-12-11,98.48999786376953,25.979999542236328,19.8700008392334,12.0,74.33000183105469,103.41999816894531,27.084999084472656,21.260000228881836,12.029999732971191,74.37000274658203,94.41000366210938,24.729999542236328,18.809999465942383,11.520999908447266,71.48100280761719,103.0,26.8799991607666,21.219999313354492,12.029999732971191,73.86000061035156,8523500,38780300,22399100,22662900,3223300
2025-12-12,102.70500183105469,26.295000076293945,20.84000015258789,12.239999771118164,73.05999755859375,103.13999938964844,26.8799991607666,20.899999618530273,12.640000343322754,73.81999969482422,87.33899688720703,25.059999465942383,18.329999923706055,11.479999542236328,70.22000122070312,87.41999816894531,25.84000015258789,18.34000015258789,11.649999618530273,70.61000061035156,15776200,31266500,28677000,27359300,3388500
2025-12-15,89.3499984741211,26.06999969482422,18.68000030517578,11.670000076293945,70.52999877929688,89.5999984741211,26.084999084472656,18.711000442504883,11.699000358581543,71.4800033569336,82.0,23.5049991607666,17.3700008392334,10.720000267028809,68.30999755859375,82.33000183105469,23.530000686645508,17.40999984741211,10.789999961853027,68.66999816894531,9772400,33711200,21888200,27790800,3215900
2025-12-16,80.75,23.100000381469727,17.110000610351562,10.550000190734863,67.3550033569336,84.23999786376953,24.3700008392334,17.600000381469727,11.149999618530273,69.30999755859375,78.66999816894531,23.06999969482422,16.610000610351562,10.550000190734863,67.21499633789062,83.51000213623047,23.959999084472656,17.1200008392334,11.109999656677246,68.11000061035156,7743400,27084200,20564600,18461100,2544000
2025-12-17,84.29000091552734,24.190000534057617,17.079999923706055,11.229999542236328,68.04000091552734,85.58000183105469,25.219999313354492,17.249000549316406,11.550000190734863,69.0199966430664,75.0,22.40999984741211,15.6899995803833,10.970000267028809,64.30999755859375,75.94000244140625,22.469999313354492,15.729999542236328,10.989999771118164,64.61499786376953,10675600,33844400,22147200,22703900,3924100
2025-12-18,80.50499725341797,23.600000381469727,16.479999542236328,11.329999923706055,65.22000122070312,81.0,23.959999084472656,16.829999923706055,11.550000190734863,66.61000061035156,76.06999969482422,22.25,15.654000282287598,10.84000015258789,61.54999923706055,77.72000122070312,22.81999969482422,15.789999961853027,10.890000343322754,62.209999084472656,9410200,34275800,19272200,20931500,6015900
2025-12-19,78.69999694824219,22.94499969482422,15.989999771118164,10.989999771118164,62.720001220703125,85.26000213623047,24.030000686645508,16.604999542236328,11.15999984741211,64.9000015258789,78.52999877929688,22.81999969482422,15.9399995803833,10.8100004196167,61.95000076293945,83.2300033569336,23.760000228881836,16.06999969482422,11.020000457763672,64.45999908447266,11396300,32120000,28175600,24213000,5964400
2025-12-22,85.77999877929688,24.56999969482422,16.540000915527344,11.149999618530273,66.36000061035156,85.83000183105469,27.670000076293945,17.2549991607666,11.524999618530273,67.80000305175781,80.13999938964844,24.36199951171875,16.155000686645508,11.069999694824219,65.81999969482422,83.44000244140625,26.8799991607666,16.43000030517578,11.270000457763672,65.91999816894531,11057600,59955600,24591900,17767400,4176200
2025-12-23,81.80500030517578,25.899999618530273,16.149999618530273,11.0600004196167,65.8949966430664,84.94999694824219,26.729999542236328,16.309999465942383,11.149999618530273,66.31999969482422,80.79000091552734,24.90999984741211,15.770000457763672,10.772000312805176,63.45100021362305,81.87999725341797,25.110000610351562,15.970000267028809,11.0,64.72000122070312,6598100,34499800,17835300,17619900,3664600
2025-12-24,80.48999786376953,25.204999923706055,15.960000038146973,10.960000038146973,64.375,81.30999755859375,25.219999313354492,16.1299991607666,11.020000457763672,64.80999755859375,78.63999938964844,24.040000915527344,15.529999732971191,10.760000228881836,63.349998474121094,81.30999755859375,24.510000228881836,16.079999923706055,10.899999618530273,64.26000213623047,5203700,18157100,10249600,10470800,1945500
2025-12-26,80.0250015258789,24.360000610351562,15.890000343322754,10.890000343322754,63.54499816894531,80.3499984741211,24.3700008392334,15.890000343322754,10.920000076293945,63.56999969482422,76.16000366210938,22.329999923706055,14.760000228881836,10.520000457763672,61.779998779296875,76.91999816894531,22.3799991607666,14.850000381469727,10.699999809265137,62.70000076293945,7123000,28311100,24899600,17999700,3032600
2025-12-29,74.80000305175781,21.954999923706055,14.3100004196167,10.470000267028809,61.869998931884766,78.4800033569336,22.768999099731445,15.289999961853027,10.789999961853027,63.4900016784668,73.76000213623047,21.530000686645508,14.289999961853027,10.291000366210938,60.85300064086914,74.08999633789062,22.270000457763672,14.479999542236328,10.40999984741211,61.470001220703125,8529200,33581400,26422500,21160100,3876900
2025-12-30,74.30999755859375,22.56999969482422,14.630000114440918,10.449999809265137,61.79999923706055,74.6500015258789,22.959999084472656,14.739999771118164,10.529999732971191,61.81999969482422,71.5999984741211,22.06999969482422,14.069999694824219,10.024999618530273,59.9900016784668,71.62000274658203,22.40999984741211,14.3100004196167,10.039999961853027,60.38999938964844,8195800,24875600,19445400,22299400,5051300
2025-12-31,71.41999816894531,22.450000762939453,14.3149995803833,10.0,60.0099983215332,72.31999969482422,22.670000076293945,14.430000305175781,10.071999549865723,60.099998474121094,70.86000061035156,21.93000030517578,13.979999542236328,9.859999656677246,58.79999923706055,71.76000213623047,22.149999618530273,14.170000076293945,9.970000267028809,59.04999923706055,6946600,23242500,16899500,23644600,3585400
2026-01-02,73.98999786376953,22.559999465942383,14.5600004196167,10.289999961853027,60.209999084472656,77.91999816894531,24.0049991607666,16.469999313354492,10.625,62.400001525878906,72.12999725341797,21.6200008392334,14.319999694824219,10.140000343322754,59.09000015258789,77.80000305175781,23.600000381469727,16.309999465942383,10.600000381469727,62.36000061035156,10135500,37387200,31101300,27204200,5817300
2026-01-05,81.6500015258789,23.690000534057617,17.94499969482422,10.75,64.26000213623047,90.8499984741211,25.847999572753906,19.549999237060547,11.28499984741211,65.36000061035156,80.4000015258789,23.549999237060547,17.34000015258789,10.529999732971191,63.02000045776367,89.33999633789062,25.010000228881836,18.780000686645508,11.0,64.69999694824219,19824400,39538400,68574500,25729100,5440200
2026-01-06,93.0,24.90999984741211,19.579999923706055,11.085000038146973,66.37000274658203,96.94999694824219,25.655000686645508,20.219999313354492,11.281000137329102,69.9000015258789,88.7300033569336,23.829999923706055,18.170000076293945,10.739999771118164,66.16000366210938,95.5999984741211,25.3799991607666,19.56999969482422,11.229999542236328,69.54000091552734,20105800,30380200,51439000,28352800,6508300
2026-01-07,93.5999984741211,25.1299991607666,18.950000762939453,11.460000038146973,69.0,100.69000244140625,26.440000534057617,20.270000457763672,11.489999771118164,71.20999908447266,92.80999755859375,24.834999084472656,18.479999542236328,10.960000038146973,68.86000061035156,97.5999984741211,25.209999084472656,19.469999313354492,11.0600004196167,69.7699966430664,13362300,30159600,34849800,22517500,4143700
2026-01-08,96.70999908447266,24.799999237060547,19.174999237060547,10.979999542236328,69.05999755859375,100.19000244140625,26.3799991607666,19.979999542236328,11.15999984741211,69.63999938964844,93.41999816894531,24.510000228881836,18.719999313354492,10.609999656677246,67.33000183105469,97.5999984741211,25.25,19.670000076293945,11.020000457763672,68.36000061035156,9803700,32389000,23624700,27671400,3339700
2026-01-09,114.3499984741211,25.440000534057617,21.489999771118164,11.289999961853027,69.80999755859375,115.72000122070312,26.700000762939453,22.290000915527344,12.3100004196167,69.87999725341797,104.02999877929688,24.709999084472656,20.31999969482422,11.289999961853027,66.16999816894531,105.30999755859375,24.719999313354492,20.510000228881836,11.75,66.2699966430664,33942700,36676100,51357100,39276900,3145500
2026-01-12,103.33000183105469,24.399999618530273,20.31999969482422,12.029999732971191,75.33999633789062,105.9000015258789,25.635000228881836,20.43000030517578,12.095000267028809,76.33000183105469,100.37000274658203,23.93000030517578,19.520000457763672,11.460000038146973,68.31999969482422,102.5,25.530000686645508,19.719999313354492,11.569999694824219,69.26000213623047,12074900,25656800,25991100,39628800,16043700
2026-01-13,105.75,25.81999969482422,20.079999923706055,11.550000190734863,69.7300033569336,107.5999984741211,26.25,20.299999237060547,11.600000381469727,70.55999755859375,96.5999984741211,24.30500030517578,19.06999969482422,10.90999984741211,66.08000183105469,97.08999633789062,24.469999313354492,19.229999542236328,11.079999923706055,67.1500015258789,11145200,27646200,19691600,30587300,6849000
2026-01-14,94.7699966430664,24.194000244140625,18.989999771118164,10.90999984741211,66.83999633789062,97.08000183105469,25.729999542236328,19.989999771118164,11.300000190734863,69.33999633789062,91.5,23.760000228881836,18.469999313354492,10.800000190734863,66.1500015258789,95.97000122070312,25.719999313354492,19.829999923706055,11.279999732971191,69.27999877929688,11511200,29380700,19538300,26566800,4242500
2026-01-15,97.80000305175781,26.290000915527344,19.844999313354492,11.279999732971191,69.44999694824219,99.29000091552734,26.489999771118164,19.920000076293945,11.380000114440918,73.26000213623047,91.37999725341797,24.649999618530273,18.829999923706055,10.899999618530273,68.5510025024414,91.44999694824219,24.700000762939453,18.899999618530273,10.920000076293945,68.91999816894531,11272200,33388600,22967800,25775900,6980500
2026-01-16,92.0999984741211,25.114999771118164,19.440000534057617,10.991999626159668,69.5,96.69999694824219,26.18000030517578,20.549999237060547,11.479999542236328,71.87999725341797,89.30400085449219,24.559999465942383,18.86199951171875,10.930000305175781,68.56999969482422,94.94999694824219,25.6200008392334,20.190000534057617,11.100000381469727,70.33000183105469,15411300,33778200,34906400,24601700,4869100
2026-01-20,90.83499908447266,24.565000534057617,19.385000228881836,10.645000457763672,68.33000183105469,97.0,26.5,20.079999923706055,10.899999618530273,69.41500091552734,88.93000030517578,23.709999084472656,18.889999389648438,10.399999618530273,66.66000366210938,89.93000030517578,24.989999771118164,19.0,10.449999809265137,66.77999877929688,12557700,45908900,28057500,25517800,4885100
2026-01-21,96.38999938964844,25.485000610351562,20.15999984741211,10.574999809265137,66.62999725341797,100.19999694824219,26.270000457763672,21.149999618530273,10.789999961853027,67.30000305175781,86.0199966430664,22.40999984741211,18.43000030517578,10.100000381469727,61.81999969482422,90.77999877929688,23.670000076293945,19.75,10.619999885559082,65.31999969482422,24269700,48217900,51293700,25178300,7204300
2026-01-22,92.45999908447266,24.46500015258789,20.350000381469727,10.720000267028809,66.0,93.5999984741211,25.5,21.059999465942383,10.930000305175781,68.77999877929688,89.87999725341797,24.25,19.770000457763672,10.635000228881836,65.6050033569336,90.93000030517578,24.959999084472656,20.639999389648438,10.899999618530273,68.36000061035156,10120800,33981500,33790300,20580100,4006700
2026-01-23,91.38999938964844,24.954999923706055,20.81999969482422,10.925000190734863,68.80999755859375,91.38999938964844,25.209999084472656,20.84000015258789,10.96500015258789,68.94999694824219,86.16999816894531,23.2549991607666,19.399999618530273,10.170000076293945,64.83999633789062,87.62999725341797,23.450000762939453,19.770000457763672,10.329999923706055,65.31999969482422,9368100,30257000,24149700,26553600,3932200
2026-01-26,86.18000030517578,23.43000030517578,19.5049991607666,10.28499984741211,65.0,86.80999755859375,23.780000686645508,20.06599998474121,10.324999809265137,70.16000366210938,81.12999725341797,21.40999984741211,18.274999618530273,9.800000190734863,64.47000122070312,82.30999755859375,21.760000228881836,18.399999618530273,9.84000015258789,67.62999725341797,8698100,30100500,22262200,22043900,5324600
2026-01-27,82.80999755859375,22.145000457763672,18.549999237060547,9.9399995803833,67.87999725341797,86.8499984741211,22.579999923706055,19.31999969482422,10.0,68.56999969482422,81.20999908447266,21.399999618530273,17.68000030517578,9.529999732971191,66.21600341796875,85.2699966430664,22.309999465942383,19.200000762939453,9.9399995803833,66.80999755859375,10549000,27344500,25061300,22815000,3746200
2026-01-28,86.7300033569336,22.34000015258789,19.40999984741211,10.050000190734863,66.6500015258789,95.0999984741211,22.520000457763672,20.924999237060547,10.100000381469727,66.80999755859375,85.5999984741211,21.665000915527344,19.010000228881836,9.630000114440918,64.44000244140625,94.38999938964844,22.010000228881836,20.479999542236328,9.6899995803833,64.56999969482422,16372000,25838300,29799900,21146100,4211000
2026-01-29,93.94999694824219,21.489999771118164,19.780000686645508,9.600000381469727,64.04000091552734,93.94999694824219,21.579999923706055,20.06999969482422,9.645000457763672,64.22000122070312,83.5,19.270000457763672,18.1299991607666,8.944999694824219,62.650001525878906,86.04000091552734,19.850000381469727,18.920000076293945,9.079999923706055,63.5099983215332,14347300,33989300,28477100,23875600,4797300
2026-01-30,85.1500015258789,19.635000228881836,18.469999313354492,9.0,62.40999984741211,88.68000030517578,19.639999389648438,19.1299991607666,9.03499984741211,63.31999969482422,78.91000366210938,17.625,17.329999923706055,8.329999923706055,59.41999816894531,79.62000274658203,18.170000076293945,17.479999542236328,8.460000038146973,59.81999969482422,10751800,34008900,25697200,29064200,6396500
2026-02-02,78.25,18.3700008392334,17.270000457763672,8.40999984741211,59.43000030517578,78.37999725341797,18.3799991607666,17.420000076293945,8.574999809265137,59.9900016784668,73.29000091552734,17.229999542236328,16.3700008392334,8.210000038146973,57.5099983215332,73.62000274658203,17.709999084472656,16.479999542236328,8.420000076293945,58.54999923706055,11421900,25196700,21558300,23807100,5279400
2026-02-03,75.4800033569336,18.239999771118164,17.070999145507812,8.574999809265137,59.2400016784668,79.18000030517578,18.299999237060547,17.959999084472656,8.574999809265137,59.32500076293945,74.02999877929688,17.139999389648438,16.350000381469727,7.914999961853027,54.400001525878906,78.0,18.209999084472656,17.8799991607666,8.260000228881836,55.970001220703125,10640100,30609000,25137000,29913600,5736900
2026-02-04,77.19999694824219,17.940000534057617,17.635000228881836,8.180000305175781,55.5,77.26000213623047,18.084999084472656,17.65999984741211,8.199999809265137,55.51100158691406,64.0,16.235000610351562,15.180000305175781,7.565000057220459,49.88100051879883,68.2300033569336,17.190000534057617,16.200000762939453,8.069999694824219,53.54999923706055,19015100,35971700,28647500,37317900,9625500
2026-02-05,66.5,16.520000457763672,15.920000076293945,7.880000114440918,54.709999084472656,67.37999725341797,16.645000457763672,15.944999694824219,7.960000038146973,55.0,61.67499923706055,14.829999923706055,14.680999755859375,7.260000228881836,51.20000076293945,62.13999938964844,14.975000381469727,14.84000015258789,7.349999904632568,52.439998626708984,11726100,36616000,24962100,31964500,8732400
2026-02-06,64.9800033569336,15.479999542236328,15.75,7.630000114440918,53.459999084472656,72.18000030517578,17.739999771118164,17.878000259399414,8.760000228881836,55.54999923706055,64.30999755859375,15.34000015258789,15.470000267028809,7.553999900817871,52.959999084472656,71.0999984741211,17.709999084472656,17.530000686645508,8.5600004196167,54.90999984741211,12709700,37179200,32154200,31456600,6498100
2026-02-09,69.30999755859375,17.139999389648438,17.149999618530273,8.40999984741211,55.470001220703125,75.5,17.969999313354492,17.825000762939453,8.9399995803833,57.599998474121094,68.63999938964844,16.790000915527344,16.739999771118164,8.329999923706055,53.91600036621094,75.05000305175781,17.59000015258789,17.68000030517578,8.8100004196167,57.119998931884766,8376100,24971400,18801700,24494400,4725500
2026-02-10,74.4800033569336,17.219999313354492,17.43000030517578,8.829999923706055,57.974998474121094,76.36499786376953,17.75,17.770000457763672,9.0,57.974998474121094,69.12999725341797,16.790000915527344,16.729999542236328,8.229999542236328,55.71799850463867,69.47000122070312,16.969999313354492,16.739999771118164,8.25,55.880001068115234,8060300,23728000,16379100,24208800,3945800
2026-02-11,71.44000244140625,17.03499984741211,16.829999923706055,8.359999656677246,56.0,71.5,17.09000015258789,16.899999618530273,8.399999618530273,56.125,64.88999938964844,15.75,14.859999656677246,7.579999923706055,52.08000183105469,66.2300033569336,16.43000030517578,15.569999694824219,7.960000038146973,53.61000061035156,8984500,32726600,27032000,30939700,4296000
2026-02-12,67.16999816894531,16.065000534057617,16.520000457763672,7.869999885559082,53.91999816894531,67.70999908447266,16.09000015258789,16.540000915527344,7.896999835968018,53.95000076293945,63.619998931884766,14.78499984741211,13.970000267028809,7.335000038146973,49.400001525878906,63.91999816894531,14.989999771118164,13.989999771118164,7.460000038146973,50.779998779296875,7938500,35116500,35991900,25259100,5221900
2026-02-13,64.41999816894531,15.5,14.229999542236328,7.679999828338623,51.040000915527344,68.18800354003906,16.235000610351562,14.767000198364258,7.769999980926514,52.650001525878906,62.560001373291016,14.84000015258789,13.65999984741211,7.420000076293945,50.43000030517578,65.69000244140625,16.09000015258789,14.3100004196167,7.460000038146973,51.95000076293945,6085800,28503300,23714100,19113900,3137400
2026-02-17,64.5999984741211,15.53499984741211,14.119999885559082,7.329999923706055,52.7400016784668,69.58499908447266,16.364999771118164,14.454999923706055,7.46999979019165,53.5,62.84000015258789,15.154999732971191,13.34000015258789,7.039999961853027,50.70000076293945,67.63999938964844,15.59000015258789,14.270000457763672,7.320000171661377,52.560001373291016,6074400,29060100,26562600,18728900,3169000
2026-02-18,67.37999725341797,15.5600004196167,14.114999771118164,7.320000171661377,53.93000030517578,70.1500015258789,16.690000534057617,14.609999656677246,7.670000076293945,57.93000030517578,65.80000305175781,15.255000114440918,13.76200008392334,7.204999923706055,53.70000076293945,67.38999938964844,16.18000030517578,14.199999809265137,7.539999961853027,56.15999984741211,5217000,28856700,19348800,18289400,6872600
2026-02-19,66.2249984741211,15.880000114440918,13.960000038146973,7.409999847412109,58.08000183105469,68.36000061035156,16.739999771118164,14.664999961853027,7.849999904632568,60.040000915527344,64.33999633789062,15.640000343322754,13.510000228881836,7.320000171661377,57.38199996948242,67.63999938964844,16.600000381469727,14.640000343322754,7.829999923706055,59.959999084472656,5446600,28121900,19686400,13713700,8368000
2026-02-20,66.66000366210938,16.299999237060547,14.244999885559082,7.659999847412109,61.880001068115234,67.7699966430664,16.549999237060547,14.5600004196167,8.135000228881836,62.0,62.68000030517578,15.5,13.329999923706055,7.630000114440918,57.68000030517578,63.83000183105469,15.920000076293945,13.4399995803833,7.820000171661377,58.369998931884766,7083100,28409300,25553500,19392100,7885300
2026-02-23,61.599998474121094,15.489999771118164,13.119999885559082,7.635000228881836,57.529998779296875,63.34000015258789,16.31999969482422,13.199999809265137,7.940000057220459,58.33000183105469,60.88999938964844,15.329999923706055,12.11400032043457,7.480000019073486,55.849998474121094,63.09000015258789,16.020000457763672,12.600000381469727,7.829999923706055,57.290000915527344,6173600,21337300,29562400,28688000,4062000
2026-02-24,61.70500183105469,15.914999961853027,12.329999923706055,7.840000152587891,56.560001373291016,65.30000305175781,16.729999542236328,13.484999656677246,8.477999687194824,58.75600051879883,60.119998931884766,15.654999732971191,12.039999961853027,7.739999771118164,56.29199981689453,65.05999755859375,16.479999542236328,13.430000305175781,8.359999656677246,57.95000076293945,6698000,24675800,24592200,36588900,5636900
2026-02-25,66.41000366210938,16.790000915527344,13.510000228881836,8.649999618530273,57.08000183105469,67.66999816894531,17.790000915527344,13.569999694824219,8.835000038146973,57.7400016784668,64.76000213623047,16.479999542236328,13.03499984741211,8.489999771118164,53.04999923706055,66.31999969482422,17.6299991607666,13.180000305175781,8.520000457763672,53.709999084472656,6044300,31507200,22497000,30962900,10649300
2026-02-26,65.83999633789062,18.295000076293945,12.9399995803833,8.640000343322754,53.189998626708984,69.94999694824219,19.209999084472656,13.479999542236328,9.100000381469727,55.459999084472656,64.5999984741211,18.06999969482422,12.640000343322754,8.5600004196167,51.689998626708984,69.06999969482422,18.639999389648438,13.329999923706055,8.979999542236328,55.40999984741211,8025900,53658800,27785400,43983500,7604700
2026-02-27,65.72000122070312,18.114999771118164,13.199999809265137,9.029999732971191,54.22999954223633,66.08000183105469,18.170000076293945,13.449999809265137,9.300000190734863,54.540000915527344,62.06999969482422,16.625,12.680000305175781,8.529999732971191,52.15999984741211,62.95000076293945,17.420000076293945,12.850000381469727,8.600000381469727,53.25,8187100,26199900,24940700,47420900,4544600
2026-03-02,60.119998931884766,16.690000534057617,12.295000076293945,7.945000171661377,50.94499969482422,64.89900207519531,17.775999069213867,13.479999542236328,8.649999618530273,53.349998474121094,60.0,16.65999984741211,12.265000343322754,7.78000020980835,50.61600112915039,64.68000030517578,17.690000534057617,13.050000190734863,8.619999885559082,53.310001373291016,7190600,19302300,25880100,31140800,5695800
2026-03-03,61.93000030517578,16.940000534057617,12.399999618530273,8.229999542236328,51.130001068115234,64.51499938964844,17.610000610351562,12.845000267028809,8.625,52.87200164794922,60.040000915527344,16.239999771118164,11.739999771118164,8.15999984741211,48.75,63.29999923706055,16.959999084472656,12.529999732971191,8.510000228881836,51.400001525878906,5983500,29009900,23757500,20893600,6982000
2026-03-04,63.79999923706055,17.040000915527344,12.5600004196167,8.579999923706055,51.88999938964844,66.18000030517578,17.957000732421875,13.09000015258789,8.699999809265137,52.47999954223633,63.29999923706055,16.8799991607666,12.5,8.149999618530273,50.31999969482422,65.6500015258789,17.760000228881836,12.539999961853027,8.15999984741211,51.290000915527344,6169000,27203800,18067300,19100000,6000500
2026-03-05,64.4000015258789,16.989999771118164,12.229999542236328,8.104999542236328,50.77000045776367,64.62100219726562,17.030000686645508,12.585000038146973,8.470000267028809,53.400001525878906,59.06999969482422,15.9399995803833,11.75,7.900000095367432,50.459999084472656,62.029998779296875,16.969999313354492,12.180000305175781,8.270000457763672,53.04999923706055,9806800,41786500,19816800,25497400,4848500
2026-03-06,60.310001373291016,16.6200008392334,11.829999923706055,8.0,51.86000061035156,62.79999923706055,17.549999237060547,12.229999542236328,8.489999771118164,53.5,58.185001373291016,16.540000915527344,11.609999656677246,8.0,51.56999969482422,58.25,17.010000228881836,11.670000076293945,8.069999694824219,52.2599983215332,8836900,26839400,25180300,26713500,3443500
2026-03-09,57.11000061035156,16.565000534057617,11.390000343322754,7.945000171661377,50.88999938964844,62.060001373291016,17.690000534057617,12.335000038146973,8.239999771118164,52.77000045776367,56.470001220703125,16.1200008392334,11.220000267028809,7.599999904632568,49.82500076293945,61.779998779296875,17.600000381469727,12.15999984741211,8.220000267028809,52.31999969482422,8297500,26103300,19611000,24416200,4631000
2026-03-10,61.90999984741211,17.520000457763672,12.175000190734863,8.210000038146973,52.380001068115234,63.45000076293945,17.924999237060547,12.555000305175781,8.34000015258789,53.04999923706055,61.2599983215332,16.959999084472656,12.0,7.880000114440918,50.72999954223633,61.380001068115234,16.989999771118164,12.029999732971191,7.900000095367432,50.900001525878906,6064600,23912100,17362000,25383900,4301400
2026-03-11,61.79999923706055,16.989999771118164,12.050000190734863,7.909999847412109,51.540000915527344,64.0999984741211,17.479999542236328,12.555000305175781,8.069999694824219,53.63399887084961,61.10599899291992,16.575000762939453,12.0,7.739999771118164,51.380001068115234,62.7599983215332,16.940000534057617,12.380000114440918,7.789999961853027,52.68000030517578,6280500,23368600,18461600,26346400,4115300
2026-03-12,61.7400016784668,16.635000228881836,12.100000381469727,7.670000076293945,51.834999084472656,63.20000076293945,16.729999542236328,12.34000015258789,7.75600004196167,51.834999084472656,59.5099983215332,15.84000015258789,11.710000038146973,7.429999828338623,49.31999969482422,59.59000015258789,16.06999969482422,11.760000228881836,7.46999979019165,49.529998779296875,7154200,24804300,15996100,19545200,6065500
2026-03-13,61.060001373291016,16.43000030517578,11.979999542236328,7.614999771118164,50.15999984741211,61.72999954223633,17.250999450683594,12.260000228881836,7.809999942779541,51.45000076293945,57.95000076293945,15.899999618530273,11.53499984741211,7.150000095367432,49.560001373291016,58.369998931884766,16.170000076293945,11.800000190734863,7.300000190734863,49.97999954223633,5841000,26888600,15198800,29568000,5008700
2026-03-16,59.84000015258789,16.540000915527344,11.970000267028809,7.53000020980835,51.439998626708984,60.36000061035156,17.0,12.180000305175781,7.695000171661377,52.66999816894531,57.82699966430664,15.5649995803833,11.635000228881836,7.340000152587891,49.810001373291016,59.689998626708984,16.139999389648438,11.970000267028809,7.539999961853027,50.880001068115234,6306400,28842600,19342300,44718600,4977400
2026-03-17,64.95999908447266,16.165000915527344,12.319999694824219,7.505000114440918,50.93000030517578,65.97000122070312,16.479999542236328,12.694999694824219,7.96999979019165,51.97999954223633,59.2400016784668,15.75,11.920000076293945,7.489999771118164,50.529998779296875,60.529998779296875,16.219999313354492,12.4399995803833,7.820000171661377,50.84000015258789,19128900,21122600,22279300,39585400,3070100
2026-03-18,60.189998626708984,15.960000038146973,12.100000381469727,7.699999809265137,50.150001525878906,61.75,16.204999923706055,12.449999809265137,7.78000020980835,50.582000732421875,56.68000030517578,15.609999656677246,11.970000267028809,7.364999771118164,48.6349983215332,56.70000076293945,15.670000076293945,12.029999732971191,7.389999866485596,48.689998626708984,11984800,25721600,15784600,20851500,4680000
2026-03-19,55.63999938964844,15.1899995803833,11.729999542236328,7.119999885559082,47.380001068115234,56.68600082397461,15.595000267028809,12.164999961853027,7.130000114440918,49.459999084472656,53.5,14.730999946594238,11.390000343322754,6.650000095367432,46.7599983215332,54.689998626708984,15.40999984741211,11.989999771118164,6.875,48.7400016784668,9444900,23808200,19320700,36333100,4211100
2026-03-20,54.56999969482422,15.109999656677246,11.859999656677246,6.820000171661377,48.400001525878906,57.31999969482422,15.225000381469727,12.050999641418457,6.920000076293945,49.33000183105469,52.75,14.369999885559082,11.180000305175781,6.46999979019165,46.130001068115234,53.970001220703125,14.880000114440918,11.4399995803833,6.550000190734863,46.959999084472656,12577700,24794800,31825100,30002000,4583200
2026-03-23,54.599998474121094,15.069999694824219,11.539999961853027,6.724999904632568,47.900001525878906,57.209999084472656,15.890000343322754,12.100000381469727,6.940000057220459,49.97999954223633,54.02000045776367,14.960000038146973,11.329999923706055,6.610000133514404,47.599998474121094,56.2599983215332,15.880000114440918,11.699999809265137,6.889999866485596,49.13999938964844,9233200,25794400,18134600,23322600,4779400
2026-03-24,55.459999084472656,15.479999542236328,11.520000457763672,6.699999809265137,48.459999084472656,56.08000183105469,16.09000015258789,11.609999656677246,6.809999942779541,49.369998931884766,53.33000183105469,15.069999694824219,11.149999618530273,6.360000133514404,47.689998626708984,54.959999084472656,15.600000381469727,11.430000305175781,6.360000133514404,48.83000183105469,7395800,23511900,17863200,22370300,2642400
2026-03-25,56.459999084472656,16.0,11.770000457763672,6.550000190734863,49.86000061035156,57.650001525878906,16.299999237060547,12.0,6.650000095367432,50.75,54.43000030517578,14.781999588012695,11.510000228881836,6.340000152587891,46.33000183105469,55.27000045776367,15.140000343322754,11.6899995803833,6.480000019073486,46.7599983215332,6012000,27814300,12987300,27140600,4915400
2026-03-26,53.61000061035156,14.770000457763672,11.390000343322754,6.349999904632568,46.0,54.875,14.899999618530273,11.609999656677246,6.420000076293945,47.709999084472656,51.099998474121094,14.239999771118164,10.930000305175781,6.054999828338623,45.33000183105469,51.810001373291016,14.40999984741211,10.989999771118164,6.059999942779541,45.529998779296875,7246300,20765700,16127400,16236200,5224900
2026-03-27,51.52000045776367,14.25,10.760000228881836,5.960000038146973,44.94499969482422,52.6349983215332,14.34000015258789,10.802000045776367,6.070000171661377,45.06999969482422,50.150001525878906,13.210000038146973,10.149999618530273,5.860000133514404,42.189998626708984,50.22999954223633,13.319999694824219,10.300000190734863,5.900000095367432,42.619998931884766,6419400,26114700,21049700,15022500,5706000
2026-03-30,50.939998626708984,13.399999618530273,10.475000381469727,5.989999771118164,42.36000061035156,51.970001220703125,13.569999694824219,10.699999809265137,6.125,43.16999816894531,44.880001068115234,12.529999732971191,10.010000228881836,5.829999923706055,41.72999954223633,45.58000183105469,12.899999618530273,10.25,6.03000020980835,42.369998931884766,10856100,26504600,20844800,19294400,4614300
2026-03-31,46.02000045776367,13.229999542236328,10.329999923706055,6.230000019073486,43.349998474121094,50.0,14.149999618530273,10.920000076293945,6.940000057220459,45.540000915527344,45.599998474121094,13.0600004196167,10.244999885559082,6.139999866485596,43.0,49.59000015258789,14.039999961853027,10.84000015258789,6.869999885559082,45.220001220703125,9401200,26696000,19431800,26481500,4251800
2026-04-01,51.08000183105469,14.300000190734863,10.899999618530273,7.074999809265137,46.150001525878906,51.845001220703125,14.520000457763672,10.994999885559082,7.170000076293945,47.52000045776367,47.91999816894531,13.4399995803833,10.104999542236328,6.639999866485596,46.0,48.06999969482422,13.5,10.260000228881836,6.679999828338623,47.029998779296875,8033100,22742200,23241700,19369600,5621100
2026-04-02,45.95000076293945,12.890000343322754,9.920000076293945,6.389999866485596,44.59000015258789,49.04999923706055,14.244999885559082,10.350000381469727,6.800000190734863,48.099998474121094,45.36000061035156,12.8100004196167,9.654999732971191,6.340000152587891,44.130001068115234,48.130001068115234,14.1899995803833,10.149999618530273,6.78000020980835,47.38999938964844,5533400,25642900,26380300,12846900,3833300
2026-04-06,48.099998474121094,14.0600004196167,10.100000381469727,6.820000171661377,47.599998474121094,49.849998474121094,14.555000305175781,10.510000228881836,7.0,48.459999084472656,47.97999954223633,13.859999656677246,10.050000190734863,6.659999847412109,47.275001525878906,48.7599983215332,14.199999809265137,10.170000076293945,6.699999809265137,47.29999923706055,4911200,16002400,17819800,14253500,2793600
2026-04-07,47.400001525878906,14.100000381469727,9.979999542236328,6.550000190734863,46.46500015258789,47.939998626708984,14.130000114440918,10.0600004196167,6.710000038146973,47.15999984741211,44.90999984741211,13.28499984741211,9.140000343322754,6.320000171661377,45.31999969482422,46.59000015258789,13.84000015258789,9.15999984741211,6.699999809265137,46.814998626708984,6855100,20967000,36713800,17412600,3033200
2026-04-08,50.52000045776367,15.138999938964844,9.819999694824219,7.380000114440918,50.16999816894531,51.380001068115234,15.40999984741211,10.210000038146973,7.510000228881836,50.810001373291016,48.0,14.140000343322754,9.649999618530273,6.735000133514404,46.970001220703125,50.209999084472656,14.529999732971191,9.859999656677246,6.789999961853027,47.5,8582400,24859100,29389000,21450300,4442000
2026-04-09,49.529998779296875,14.329999923706055,9.619999885559082,6.695000171661377,47.0099983215332,50.36000061035156,14.6899995803833,9.845000267028809,6.789999961853027,47.20000076293945,47.39500045776367,14.029999732971191,9.279999732971191,6.53000020980835,44.0,47.75,14.3100004196167,9.300000190734863,6.550000190734863,44.15999984741211,5966100,20875900,19961200,14409300,5786100
2026-04-10,48.86000061035156,14.420000076293945,9.5,6.579999923706055,45.29999923706055,52.150001525878906,15.050000190734863,9.720000267028809,6.699999809265137,45.95000076293945,48.54999923706055,14.3100004196167,9.170000076293945,6.360000133514404,42.40999984741211,50.25,14.680000305175781,9.210000038146973,6.429999828338623,42.939998626708984,7166900,17339900,19091500,17429700,6838200
2026-04-13,49.0,14.420000076293945,9.055000305175781,6.300000190734863,42.540000915527344,53.959999084472656,15.239999771118164,9.649999618530273,6.869999885559082,46.540000915527344,48.099998474121094,14.170000076293945,8.850000381469727,6.21999979019165,42.540000915527344,53.939998626708984,15.130000114440918,9.579999923706055,6.840000152587891,45.97999954223633,8487300,16907500,25411900,17622300,5797800
2026-04-14,59.09000015258789,15.720000267028809,10.34000015258789,7.070000171661377,47.77000045776367,61.61000061035156,17.389999389648438,11.260000228881836,7.139999866485596,49.60499954223633,56.220001220703125,15.710000038146973,9.960000038146973,6.920000076293945,47.619998931884766,58.58000183105469,16.8700008392334,10.25,6.96999979019165,49.529998779296875,18440900,56976100,42621100,20860200,6546700
2026-04-15,62.529998779296875,17.875,10.800000190734863,7.195000171661377,50.349998474121094,66.62000274658203,19.510000228881836,12.020999908447266,7.940000057220459,56.5,61.11000061035156,17.180999755859375,10.770000457763672,7.179999828338623,50.349998474121094,63.349998474121094,19.110000610351562,11.710000038146973,7.849999904632568,56.40999984741211,21905500,77175300,58700600,42077000,12363300
2026-04-16,67.61000061035156,19.549999237060547,12.40999984741211,8.140000343322754,57.96500015258789,68.76000213623047,20.09000015258789,12.420000076293945,8.180000305175781,58.040000915527344,60.810001373291016,18.114999771118164,11.029999732971191,7.679999828338623,52.90999984741211,64.20999908447266,19.450000762939453,11.40999984741211,7.699999809265137,54.41999816894531,18341000,62582300,67867400,43491900,8756600
2026-04-17,66.05999755859375,19.90999984741211,11.979999542236328,8.03499984741211,57.44499969482422,74.20999908447266,20.170000076293945,13.300000190734863,8.180000305175781,57.56999969482422,64.94999694824219,19.149999618530273,11.859999656677246,7.840000152587891,54.875,66.80999755859375,19.809999465942383,12.649999618530273,8.079999923706055,55.869998931884766,24357200,40352800,67121900,30766700,6580400
2026-04-20,65.52999877929688,19.260000228881836,12.274999618530273,7.910999774932861,54.939998626708984,68.30000305175781,19.885000228881836,12.899999618530273,8.350000381469727,57.92499923706055,63.75,18.790000915527344,12.010000228881836,7.849999904632568,54.849998474121094,68.12999725341797,19.639999389648438,12.789999961853027,8.319999694824219,56.779998779296875,12883000,37783100,35210200,25475700,5827100
2026-04-21,68.41000366210938,19.65999984741211,12.949999809265137,8.850000381469727,56.779998779296875,69.0,19.8799991607666,12.949999809265137,8.9399995803833,57.869998931884766,62.220001220703125,18.158000946044922,11.550000190734863,7.789999961853027,54.58000183105469,62.61000061035156,18.25,11.670000076293945,7.849999904632568,55.150001525878906,15258400,35942000,46653800,55768800,5363700
2026-04-22,65.19000244140625,18.78499984741211,12.149999618530273,8.079999923706055,56.45500183105469,72.62999725341797,19.229999542236328,13.630000114440918,8.430000305175781,57.400001525878906,64.75,17.920000076293945,12.100000381469727,7.920000076293945,54.861000061035156,72.41000366210938,18.3799991607666,13.569999694824219,8.220000267028809,55.5099983215332,18164400,34076000,55203500,35114400,3853000
2026-04-23,77.7300033569336,18.010000228881836,14.024999618530273,8.100000381469727,54.349998474121094,80.63999938964844,18.266000747680664,14.197999954223633,8.208999633789062,54.5,73.66000366210938,16.5,12.211999893188477,7.679999828338623,50.029998779296875,76.45999908447266,16.860000610351562,12.720000267028809,7.820000171661377,51.439998626708984,31945500,27598800,67600200,29723300,5776300
2026-04-24,81.29000091552734,17.1200008392334,13.199999809265137,7.994999885559082,52.130001068115234,81.5,17.149999618530273,13.489999771118164,8.385000228881836,52.65999984741211,70.87999725341797,16.100000381469727,11.880000114440918,7.769999980926514,50.52000045776367,71.0,16.610000610351562,11.960000038146973,8.1899995803833,52.119998931884766,23265300,19593900,35018600,29001400,3826900
2026-04-27,71.0,16.25,11.760000228881836,8.098999977111816,51.70000076293945,76.19999694824219,16.948999404907227,12.739999771118164,8.1899995803833,53.5989990234375,70.30000305175781,16.110000610351562,11.699999809265137,7.940000057220459,51.529998779296875,75.93000030517578,16.90999984741211,12.649999618530273,8.15999984741211,52.68000030517578,18897100,18203500,34184900,21916800,2727400
2026-04-28,71.51000213623047,16.469999313354492,11.960000038146973,8.104999542236328,51.40999984741211,72.87000274658203,16.6299991607666,12.1899995803833,8.220000267028809,51.90999984741211,68.79000091552734,16.049999237060547,11.520999908447266,7.900000095367432,50.37699890136719,69.08999633789062,16.389999389648438,11.819999694824219,8.0600004196167,51.099998474121094,14842400,17554300,27141200,19549600,3204900
2026-04-29,70.54000091552734,16.229999542236328,11.979999542236328,8.001999855041504,50.994998931884766,70.5999984741211,16.2450008392334,11.979999542236328,8.005000114440918,51.22999954223633,63.20000076293945,15.300000190734863,10.829999923706055,7.579999923706055,48.90599822998047,64.9800033569336,16.079999923706055,11.319999694824219,7.710000038146973,50.02000045776367,16156500,21490000,26498000,23311100,3781200
2026-04-30,65.54000091552734,16.1200008392334,11.4399995803833,7.760000228881836,50.560001373291016,72.83999633789062,17.510000228881836,12.520000457763672,8.0,55.529998779296875,65.26100158691406,16.059999465942383,11.359999656677246,7.650000095367432,50.560001373291016,72.5,17.450000762939453,12.460000038146973,7.960000038146973,55.47999954223633,14651900,25523300,27772200,20258600,6205500
2026-05-01,71.68000030517578,17.15999984741211,12.229999542236328,8.095000267028809,55.189998626708984,71.68000030517578,17.635000228881836,12.40999984741211,9.600000381469727,56.220001220703125,68.47000122070312,16.80500030517578,11.850000381469727,8.0600004196167,53.62200164794922,70.4000015258789,17.5,12.140000343322754,9.5600004196167,55.0,10510600,16601500,20538300,68465700,4509300
2026-05-04,70.4540023803711,17.510000228881836,12.109999656677246,9.539999961853027,54.45000076293945,72.30000305175781,18.64900016784668,12.479999542236328,10.045000076293945,56.2599983215332,68.5,17.32900047302246,11.899999618530273,9.319999694824219,54.099998474121094,68.5999984741211,17.700000762939453,12.180000305175781,9.470000267028809,55.810001373291016,8854500,27828800,20076300,52223100,4182700
2026-05-05,69.01000213623047,17.889999389648438,12.210000038146973,9.579999923706055,56.04999923706055,69.23999786376953,18.469999313354492,12.390000343322754,9.59000015258789,56.40800094604492,66.08000183105469,17.079999923706055,11.579999923706055,8.914999961853027,53.099998474121094,68.37999725341797,18.270000457763672,11.869999885559082,9.140000343322754,54.06999969482422,8280400,24574700,18635000,31290800,5966700
2026-05-06,71.20999908447266,18.709999084472656,12.100000381469727,9.15999984741211,50.81999969482422,80.08000183105469,20.1200008392334,13.670000076293945,9.399999618530273,53.720001220703125,69.25,18.489999771118164,12.09000015258789,8.9399995803833,48.5,79.62000274658203,20.09000015258789,13.520000457763672,9.369999885559082,53.5,23036800,35257900,45605300,29641700,10686700
2026-05-07,78.0,19.274999618530273,13.015000343322754,9.489999771118164,53.310001373291016,79.5,19.639999389648438,13.229999542236328,9.720000267028809,53.310001373291016,70.87000274658203,18.065000534057617,12.229999542236328,9.109999656677246,48.70000076293945,71.83000183105469,18.34000015258789,12.579999923706055,9.630000114440918,49.470001220703125,14637200,25537300,39193500,50337400,10897600
2026-05-08,73.69999694824219,18.834999084472656,12.34000015258789,8.6850004196167,49.349998474121094,74.0,19.0,12.5600004196167,8.920000076293945,49.88999938964844,70.0,17.75,11.619999885559082,8.350000381469727,46.75,72.51000213623047,18.940000534057617,12.550000190734863,8.880000114440918,49.86000061035156,10013600,18261100,38130400,49273000,11664400
2026-05-11,71.41000366210938,18.665000915527344,12.28499984741211,8.720000267028809,49.369998931884766,79.6500015258789,20.850000381469727,13.630000114440918,8.779999732971191,49.5,69.22000122070312,18.332000732421875,11.8149995803833,8.359999656677246,47.75,78.12999725341797,20.510000228881836,13.289999961853027,8.449999809265137,48.459999084472656,17333300,44620300,48204200,35610500,8239000
2026-05-12,75.7300033569336,20.5,12.989999771118164,8.305000305175781,48.09000015258789,76.68000030517578,21.020000457763672,12.998000144958496,8.319999694824219,48.125999450683594,70.30000305175781,18.229999542236328,11.479999542236328,7.849999904632568,45.724998474121094,73.62999725341797,19.06999969482422,12.0,8.0600004196167,46.95000076293945,15654900,49520600,41155200,28658000,6410500
2026-05-13,73.37000274658203,19.149999618530273,12.029999732971191,7.920000076293945,46.45000076293945,73.4000015258789,19.170000076293945,12.4399995803833,8.600000381469727,46.54499816894531,68.0999984741211,17.889999389648438,11.739999771118164,7.869999885559082,45.25,69.66000366210938,18.415000915527344,11.960000038146973,8.420000076293945,45.900001525878906,14287300,27158600,28484700,28111600,5885500
2026-05-14,67.38999938964844,18.15999984741211,11.880000114440918,8.449999809265137,45.900001525878906,67.69999694824219,19.834999084472656,12.324999809265137,8.550000190734863,47.77000045776367,64.66000366210938,17.825000762939453,11.399999618530273,8.180000305175781,45.12099838256836,67.20999908447266,19.270000457763672,12.0600004196167,8.520000457763672,45.47999954223633,14828100,33827800,28249000,18854000,6257100
2026-05-15,64.80000305175781,18.440000534057617,11.630000114440918,8.279999732971191,44.90999984741211,65.0,18.469999313354492,11.630000114440918,8.649999618530273,45.20000076293945,61.72999954223633,17.549999237060547,11.15999984741211,8.15999984741211,43.69200134277344,62.25,17.850000381469727,11.229999542236328,8.40999984741211,43.93000030517578,11851900,27061900,25080500,18483600,5731200
2026-05-18,62.45000076293945,17.905000686645508,11.199999809265137,8.289999961853027,44.099998474121094,63.0,17.93000030517578,11.210000038146973,8.414999961853027,45.720001220703125,56.79999923706055,16.020000457763672,10.180000305175781,8.050000190734863,43.130001068115234,58.560001373291016,16.6200008392334,10.479999542236328,8.350000381469727,43.619998931884766,14527900,31095700,32037100,18477700,5968000
2026-05-19,56.72999954223633,16.274999618530273,10.270000457763672,8.25,43.189998626708984,57.77000045776367,16.760000228881836,10.300000190734863,8.53499984741211,45.97999954223633,53.95500183105469,15.460000038146973,9.664999961853027,8.114999771118164,42.619998931884766,55.880001068115234,15.960000038146973,10.0600004196167,8.449999809265137,45.529998779296875,11768800,20581400,28639300,20309300,5851100
2026-05-20,57.560001373291016,16.094999313354492,10.170000076293945,8.460000038146973,45.06999969482422,62.900001525878906,17.209999084472656,10.649999618530273,8.595000267028809,45.93000030517578,56.63999938964844,15.850000381469727,9.979999542236328,8.319999694824219,44.29999923706055,62.58000183105469,16.8799991607666,10.390000343322754,8.449999809265137,45.880001068115234,13890200,27194100,21766400,19378800,4379400
2026-05-21,61.91999816894531,18.684999465942383,10.319999694824219,8.359999656677246,45.31999969482422,65.29000091552734,22.100000381469727,11.390000343322754,8.380000114440918,46.54499816894531,61.099998474121094,18.399999618530273,10.25,8.170000076293945,44.59000015258789,65.08999633789062,22.040000915527344,11.329999923706055,8.319999694824219,46.4900016784668,10385900,148238500,30832500,23230600,3833800
2026-05-22,66.81999969482422,22.959999084472656,11.140000343322754,8.319999694824219,46.66999816894531,69.71700286865234,27.78499984741211,11.8100004196167,8.84000015258789,47.76499938964844,65.12999725341797,22.65999984741211,11.140000343322754,8.09000015258789,45.84000015258789,65.87999725341797,26.420000076293945,11.399999618530273,8.170000076293945,46.18000030517578,11410700,204233200,30208000,32945200,4302500
2026-05-26,71.87000274658203,26.010000228881836,11.984999656677246,8.199999809265137,47.08000183105469,73.29000091552734,26.56999969482422,12.6899995803833,8.4399995803833,48.209999084472656,68.08000183105469,23.719999313354492,11.944999694824219,8.119999885559082,46.220001220703125,68.69999694824219,25.065000534057617,12.220000267028809,8.130000114440918,46.65999984741211,18505700,89078700,44846700,23227500,4395800
2026-05-27,69.33999633789062,24.625,12.116000175476074,8.100000381469727,46.65999984741211,69.5199966430664,25.851999282836914,12.390000343322754,8.244999885559082,47.47999954223633,65.37000274658203,23.6200008392334,11.65999984741211,7.929999828338623,45.459999084472656,67.81999969482422,24.6200008392334,12.069999694824219,8.079999923706055,47.16999816894531,10469900,56481100,23685700,17840300,3838000
2026-05-28,66.4800033569336,24.889999389648438,11.779999732971191,8.015000343322754,46.91999816894531,70.97799682617188,27.579999923706055,12.600000381469727,8.779999732971191,52.04899978637695,65.62000274658203,24.149999618530273,11.539999961853027,7.945000171661377,46.84000015258789,68.08999633789062,27.030000686645508,12.1899995803833,8.5600004196167,51.290000915527344,12231100,86061200,26165700,28426400,10381000
2026-05-29,68.08999633789062,26.44499969482422,12.170000076293945,8.9350004196167,53.33000183105469,70.01000213623047,26.559999465942383,13.100000381469727,9.220000267028809,53.40999984741211,64.28399658203125,24.434999465942383,11.640000343322754,8.600000381469727,48.72999954223633,66.87999725341797,25.540000915527344,12.670000076293945,9.0,50.470001220703125,27669400,61186100,44318800,40816700,11808100
2026-06-01,65.9000015258789,24.739999771118164,12.47599983215332,9.024999618530273,49.5099983215332,70.5999984741211,26.479999542236328,13.399999618530273,9.520000457763672,54.749000549316406,64.56999969482422,24.049999237060547,11.979999542236328,8.8149995803833,48.400001525878906,66.88999938964844,25.6299991607666,12.890000343322754,9.25,52.79999923706055,18846300,70028400,41564800,34031700,9746200
2026-06-02,67.0999984741211,25.459999084472656,12.609999656677246,8.979999542236328,51.5,73.86000061035156,27.239999771118164,14.300000190734863,9.15999984741211,52.0,65.66000366210938,25.43000030517578,12.510000228881836,8.760000228881836,49.439998626708984,73.47000122070312,26.8799991607666,13.949999809265137,8.819999694824219,49.619998931884766,24065100,74159600,64463600,29468000,6391000
2026-06-03,70.72000122070312,26.559999465942383,13.425000190734863,8.649999618530273,48.5,70.8499984741211,28.059999465942383,13.520000457763672,8.65999984741211,48.650001525878906,64.05000305175781,23.780000686645508,11.984999656677246,8.069999694824219,46.369998931884766,65.20999908447266,24.094999313354492,12.270000457763672,8.079999923706055,47.5099983215332,22785200,78372500,53228900,28785500,6471100
2026-06-04,64.51000213623047,23.3799991607666,12.15999984741211,8.079999923706055,46.900001525878906,66.56999969482422,25.020000457763672,12.300000190734863,8.260000228881836,53.970001220703125,63.33000183105469,22.950000762939453,11.829999923706055,8.010000228881836,46.689998626708984,65.38999938964844,24.15999984741211,12.0,8.010000228881836,52.2599983215332,11973900,48003300,29704900,17686200,13897300
2026-06-05,64.80000305175781,23.165000915527344,12.199999809265137,7.900000095367432,50.81999969482422,64.80999755859375,23.190000534057617,12.239999771118164,7.940000057220459,52.22999954223633,56.625,20.100000381469727,10.149999618530273,7.210000038146973,45.84000015258789,58.09000015258789,20.68000030517578,10.5,7.389999866485596,46.43000030517578,18896500,50337900,50039700,31875800,8873500
2026-06-08,60.099998474121094,21.34000015258789,10.899999618530273,7.5,47.36000061035156,60.35100173950195,22.790000915527344,10.979999542236328,7.650000095367432,48.61000061035156,58.0,20.725000381469727,10.5649995803833,7.315000057220459,46.18000030517578,58.939998626708984,21.764999389648438,10.760000228881836,7.489999771118164,48.59000015258789,8918000,35468700,23284300,22173900,4829400
2026-06-09,59.0099983215332,21.674999237060547,10.739999771118164,7.514999866485596,48.7599983215332,59.880001068115234,22.6299991607666,11.019000053405762,7.610000133514404,49.47999954223633,53.0099983215332,18.469999313354492,9.59000015258789,6.760000228881836,45.310001373291016,56.47999954223633,19.690000534057617,10.0,7.019999980926514,48.81999969482422,12403300,49060800,39208700,25969400,7351300
2026-06-10,55.43000030517578,19.594999313354492,9.914999961853027,6.820000171661377,47.7400016784668,57.880001068115234,20.84000015258789,10.1899995803833,7.170000076293945,52.349998474121094,53.83000183105469,19.375,9.274999618530273,6.75,47.619998931884766,54.02000045776367,19.44499969482422,9.289999961853027,6.75,49.47999954223633,8300400,32632200,28025700,25840900,7225800
2026-06-11,54.150001525878906,19.270000457763672,9.21500015258789,6.644999980926514,48.88999938964844,58.2400016784668,21.231000900268555,9.789999961853027,7.019999980926514,49.79999923706055,53.41999816894531,19.15999984741211,9.119999885559082,6.53000020980835,47.18000030517578,57.86000061035156,20.6299991607666,9.569999694824219,7.0,49.59000015258789,10687800,46720800,36369700,27506400,6587900
2026-06-12,58.04999923706055,20.65999984741211,9.795000076293945,7.059999942779541,49.75,58.58000183105469,21.94499969482422,10.295000076293945,7.14900016784668,49.97999954223633,55.880001068115234,20.280000686645508,9.65999984741211,6.840000152587891,47.119998931884766,57.4900016784668,20.979999542236328,9.890000343322754,6.900000095367432,47.81999969482422,8173100,34662800,31174400,25959100,6109600
2026-06-15,60.47999954223633,22.469999313354492,10.435999870300293,7.329999923706055,49.9900016784668,61.97999954223633,23.565000534057617,11.25,7.760000228881836,53.25,59.810001373291016,22.139999389648438,10.435999870300293,7.28000020980835,48.97999954223633,60.7400016784668,22.700000762939453,10.640000343322754,7.329999923706055,52.31999969482422,9642900,44900900,36702400,33234500,10237400
2026-06-16,59.939998626708984,22.049999237060547,10.494999885559082,7.2129998207092285,51.939998626708984,61.95000076293945,22.440000534057617,10.824999809265137,7.380000114440918,54.224998474121094,57.32500076293945,20.424999237060547,9.859999656677246,6.854000091552734,50.45000076293945,57.45000076293945,20.639999389648438,9.890000343322754,7.03000020980835,50.560001373291016,8810900,33373900,31702300,31412700,7000500
2026-06-17,57.02000045776367,20.950000762939453,9.850000381469727,6.960000038146973,49.880001068115234,61.689998626708984,21.420000076293945,10.895000457763672,7.170000076293945,52.654998779296875,56.83300018310547,20.170000076293945,9.819999694824219,6.900000095367432,48.709999084472656,58.81999969482422,20.2450008392334,10.34000015258789,6.960000038146973,48.790000915527344,10794600,25801800,47979200,19285000,6055900
2026-06-18,59.83000183105469,20.780000686645508,10.5649995803833,7.03000020980835,49.849998474121094,63.0,21.479999542236328,11.800000190734863,7.150000095367432,51.01499938964844,58.560001373291016,19.530000686645508,10.454999923706055,6.855000019073486,48.849998474121094,61.16999816894531,21.360000610351562,11.739999771118164,7.119999885559082,50.84000015258789,14444000,35772800,68495300,23429700,5925900
2026-06-22,59.16999816894531,20.8700008392334,11.220000267028809,6.989999771118164,49.75,59.880001068115234,22.475000381469727,11.850000381469727,7.21999979019165,51.27000045776367,57.25,20.405000686645508,11.039999961853027,6.860000133514404,47.560001373291016,58.400001525878906,21.3799991607666,11.239999771118164,6.880000114440918,47.849998474121094,8305100,38322300,33707700,23843200,5170900
2026-06-23,55.880001068115234,20.674999237060547,10.619999885559082,6.75,47.0,61.29999923706055,22.56999969482422,11.819999694824219,6.940000057220459,49.849998474121094,55.38999938964844,20.239999771118164,10.609999656677246,6.440000057220459,46.68000030517578,57.189998626708984,21.280000686645508,10.859999656677246,6.440000057220459,48.61000061035156,9311800,46627100,31867000,20729000,5326300
2026-06-24,56.689998626708984,20.809999465942383,10.654999732971191,6.400000095367432,48.6150016784668,56.689998626708984,20.96500015258789,10.694999694824219,6.440000057220459,52.560001373291016,52.869998931884766,19.014999389648438,9.970000267028809,6.21999979019165,48.45000076293945,54.060001373291016,19.530000686645508,10.210000038146973,6.340000152587891,51.939998626708984,9429000,35175100,33372100,28537500,6966300
2026-06-25,55.560001373291016,19.989999771118164,10.449999809265137,6.40500020980835,52.59000015258789,55.79999923706055,20.40999984741211,10.53499984741211,6.429999828338623,55.650001525878906,50.43000030517578,18.280000686645508,9.8100004196167,6.079999923706055,52.56999969482422,51.0099983215332,18.40999984741211,10.069999694824219,6.210000038146973,54.869998931884766,9721800,28023900,22633900,30308700,9314200
2026-06-26,50.0,17.93000030517578,9.770000457763672,6.079999923706055,54.21500015258789,51.349998474121094,18.950000762939453,10.289999961853027,6.550000190734863,57.099998474121094,49.56399917602539,17.709999084472656,9.739999771118164,6.059999942779541,53.369998931884766,50.0,18.360000610351562,10.100000381469727,6.409999847412109,56.13999938964844,22896000,33347700,46217400,31911700,9674500
2026-06-29,51.400001525878906,18.700000762939453,10.274999618530273,6.539999961853027,56.84000015258789,53.58000183105469,19.798999786376953,10.520000457763672,6.619999885559082,59.59000015258789,50.5099983215332,18.229999542236328,9.835000038146973,6.150000095367432,54.77000045776367,52.7599983215332,19.440000534057617,10.260000228881836,6.400000095367432,58.310001373291016,9071100,29713300,20705400,24727100,8184600
2026-06-30,53.084999084472656,19.024999618530273,10.180000305175781,6.364999771118164,57.59000015258789,53.22999954223633,19.704999923706055,10.34000015258789,6.550000190734863,59.35900115966797,50.7599983215332,18.780000686645508,9.720000267028809,6.304999828338623,56.35200119018555,52.33000183105469,19.31999969482422,10.029999732971191,6.46999979019165,57.93000030517578,7265500,20927200,23360300,19163000,4807500
2026-07-01,53.630001068115234,19.165000915527344,10.1899995803833,6.5,57.54999923706055,54.314998626708984,19.739999771118164,10.555000305175781,7.010000228881836,63.11000061035156,51.5099983215332,18.645000457763672,10.010000228881836,6.5,57.439998626708984,52.45000076293945,18.68000030517578,10.149999618530273,6.679999828338623,61.599998474121094,9716900,24518000,23141500,27553600,9016100
2026-07-02,52.79999923706055,18.729999542236328,10.199999809265137,6.715000152587891,61.099998474121094,56.34000015258789,19.674999237060547,10.869999885559082,6.920000076293945,63.099998474121094,50.689998626708984,17.549999237060547,9.600000381469727,6.519999980926514,58.90999984741211,52.36000061035156,17.940000534057617,9.760000228881836,6.550000190734863,60.27000045776367,9657200,25280900,28030600,18310300,5957600
2026-07-06,51.400001525878906,17.8799991607666,9.720000267028809,6.579999923706055,60.099998474121094,53.08000183105469,18.709999084472656,10.119999885559082,7.090000152587891,61.970001220703125,50.25,17.760000228881836,9.550000190734863,6.550000190734863,58.689998626708984,51.84000015258789,17.959999084472656,9.609999656677246,6.960000038146973,60.70000076293945,8369700,19619100,22711300,28305100,4672700
2026-07-07,50.849998474121094,17.479999542236328,9.390000343322754,6.860000133514404,60.54800033569336,51.38399887084961,17.545000076293945,9.458000183105469,6.980000019073486,62.4900016784668,46.95000076293945,16.239999771118164,8.640000343322754,6.550000190734863,58.84000015258789,47.900001525878906,16.549999237060547,8.960000038146973,6.639999866485596,60.09000015258789,11251500,26927400,30040600,34457300,4100500
2026-07-08,47.53499984741211,16.2549991607666,8.755000114440918,6.5,58.66999816894531,48.61000061035156,17.059999465942383,9.069999694824219,6.815000057220459,60.25,45.83000183105469,16.200000762939453,8.550000190734863,6.480000019073486,56.0629997253418,47.279998779296875,16.920000076293945,8.760000228881836,6.800000190734863,57.27000045776367,7136700,19333700,18053500,27387700,4750300
2026-07-09,47.849998474121094,16.979999542236328,8.880000114440918,6.679999828338623,56.939998626708984,50.22999954223633,17.327999114990234,9.1899995803833,6.704999923706055,62.17499923706055,47.290000915527344,16.700000762939453,8.6899995803833,6.372000217437744,56.540000915527344,49.27000045776367,16.989999771118164,9.029999732971191,6.679999828338623,61.5,7277200,17339500,20904400,31079700,4635200
2026-07-10,49.435001373291016,17.15999984741211,9.170000076293945,6.860000133514404,62.75,50.650001525878906,17.309999465942383,9.239999771118164,6.880000114440918,62.95000076293945,47.630001068115234,16.3700008392334,8.765000343322754,6.465000152587891,57.45000076293945,48.849998474121094,16.540000915527344,9.039999961853027,6.639999866485596,58.22999954223633,6619400,17719600,25241200,23759800,4387200
2026-07-13,47.720001220703125,16.170000076293945,8.869999885559082,6.610000133514404,57.63999938964844,48.119998931884766,16.299999237060547,8.96500015258789,6.705999851226807,57.95000076293945,45.07099914550781,15.149999618530273,8.270000457763672,6.389999866485596,54.5,45.810001373291016,15.359999656677246,8.350000381469727,6.489999771118164,55.93000030517578,10094500,26371100,39091400,29989300,4139200
2026-07-14,46.959999084472656,15.845000267028809,8.600000381469727,6.40500020980835,56.279998779296875,47.41699981689453,16.270000457763672,8.6899995803833,6.849999904632568,59.154998779296875,45.439998626708984,15.57800006866455,8.375,6.349999904632568,55.310001373291016,46.2400016784668,16.110000610351562,8.600000381469727,6.690000057220459,58.66999816894531,6568300,20989800,24043700,32582800,3730200
2026-07-15,46.790000915527344,16.15999984741211,8.59000015258789,6.739999771118164,58.970001220703125,47.52000045776367,16.3799991607666,8.90999984741211,6.826000213623047,59.935001373291016,44.15999984741211,14.90999984741211,8.069999694824219,6.409999847412109,56.5,45.689998626708984,15.25,8.359999656677246,6.5,57.25,6895000,22313000,20620300,29836600,2772200
2026-07-16,44.29999923706055,14.829999923706055,8.119999885559082,6.409999847412109,56.744998931884766,44.36000061035156,14.96500015258789,8.130000114440918,6.449999809265137,57.939998626708984,40.97999954223633,13.930000305175781,7.519999980926514,6.239999771118164,52.6349983215332,41.70000076293945,14.100000381469727,7.639999866485596,6.309999942779541,53.59000015258789,11488100,25689700,29037500,34068700,4840700
2026-07-17,40.47999954223633,13.680000305175781,7.409999847412109,6.105000019073486,52.0099983215332,42.59000015258789,14.579999923706055,7.900000095367432,6.429999828338623,53.5,39.529998779296875,13.40999984741211,7.210000038146973,5.974999904632568,51.22999954223633,41.11000061035156,14.109999656677246,7.71999979019165,6.269999980926514,52.470001220703125,9201000,22517800,22573700,44427200,3892500
2026-07-20,41.25,14.34000015258789,7.769999980926514,6.28000020980835,49.779998779296875,42.810001373291016,14.680000305175781,8.079999923706055,6.426000118255615,49.900001525878906,40.75,14.140000343322754,7.574999809265137,6.090000152587891,47.43199920654297,41.5099983215332,14.25,7.960000038146973,6.309999942779541,48.40999984741211,6688200,15847500,36380200,41182600,10289600
2026-07-21,42.400001525878906,14.739999771118164,8.100000381469727,6.324999809265137,48.51499938964844,44.189998626708984,15.395000457763672,8.739999771118164,6.599999904632568,50.0099983215332,42.26499938964844,14.675999641418457,8.100000381469727,6.320000171661377,47.7400016784668,44.130001068115234,15.279999732971191,8.710000038146973,6.554999828338623,48.97999954223633,9729700,19092900,36564300,38365000,4755700
2026-07-22,45.20000076293945,15.03499984741211,8.670000076293945,6.5,48.33000183105469,47.5099983215332,15.555000305175781,8.949999809265137,6.590000152587891,48.599998474121094,44.08100128173828,15.0,8.505000114440918,6.349999904632568,46.5099983215332,44.5,15.229999542236328,8.680000305175781,6.460000038146973,46.959999084472656,10547500,32631600,39873900,36888300,4143900
2026-07-23,43.08000183105469,14.795000076293945,8.489999771118164,6.420000076293945,46.099998474121094,44.59000015258789,15.600000381469727,8.920000076293945,6.5,47.540000915527344,42.2400016784668,14.664999961853027,8.359999656677246,6.190000057220459,45.5099983215332,44.0,14.850000381469727,8.8100004196167,6.21999979019165,46.0099983215332,8369800,18547600,29795400,49782700,4474700
2026-07-24,43.59000015258789,14.850000381469727,8.6899995803833,6.329999923706055,46.25,43.61000061035156,14.899999618530273,8.805000305175781,6.364999771118164,46.45000076293945,40.150001525878906,14.140000343322754,8.069999694824219,6.059999942779541,42.65999984741211,40.25,14.149999618530273,8.09000015258789,6.159999847412109,42.689998626708984,10207300,16004300,34926300,32106000,5787500
2026-07-27,40.79999923706055,15.09000015258789,8.324999809265137,6.480000019073486,43.79999923706055,42.6349983215332,16.1200008392334,8.640000343322754,6.730000019073486,44.380001068115234,40.099998474121094,14.880000114440918,8.0600004196167,6.329999923706055,42.0099983215332,41.810001373291016,15.640000343322754,8.539999961853027,6.409999847412109,42.90999984741211,7973400,30443400,30265400,42853300,5394400
2026-07-28,40.38999938964844,15.041999816894531,8.170000076293945,6.289999961853027,42.31999969482422,40.65399932861328,15.109999656677246,8.420000076293945,6.510000228881836,43.125,37.79999923706055,14.050000190734863,7.800000190734863,6.019999980926514,40.77000045776367,39.58000183105469,14.520000457763672,8.220000267028809,6.239999771118164,42.900001525878906,8701100,18022000,27430400,41369200,6413800
2026-07-29,38.9900016784668,14.319999694824219,8.0,6.190000057220459,42.40999984741211,39.45000076293945,14.430000305175781,8.335000038146973,6.260000228881836,43.83000183105469,36.61000061035156,13.130000114440918,7.539999961853027,5.650000095367432,41.23400115966797,36.84000015258789,13.220000267028809,7.590000152587891,5.699999809265137,41.54999923706055,8546000,20248900,31484100,46569700,4396400
2026-07-30,38.150001525878906,13.600000381469727,7.889999866485596,5.760000228881836,42.0,41.56999969482422,15.0,8.675000190734863,6.190000057220459,44.5,37.599998474121094,13.489999771118164,7.789999961853027,5.699999809265137,41.45000076293945,41.09000015258789,14.859999656677246,8.600000381469727,6.139999866485596,44.290000915527344,10050500,23909700,34973900,26689600,7555200
2026-07-31,42.040000915527344,15.194999694824219,8.875,6.15500020980835,46.2400016784668,42.47999954223633,15.625,9.010000228881836,6.340000152587891,46.29800033569336,38.83000183105469,14.765000343322754,8.385000228881836,6.010000228881836,42.29999923706055,38.83000183105469,14.949999809265137,8.420000076293945,6.130000114440918,43.869998931884766,8814200,16116300,38770200,35460600,7310600
2026-08-03,38.79999923706055,14.930000305175781,8.470000267028809,6.210000038146973,43.439998626708984,42.04999923706055,16.299999237060547,9.130000114440918,6.25,47.20899963378906,38.0099983215332,14.710000038146973,8.289999961853027,6.059999942779541,42.4010009765625,41.220001220703125,16.020000457763672,9.010000228881836,6.099999904632568,46.04999923706055,8476700,23184800,27710400,24613900,5543500
2026-08-04,42.11000061035156,16.5049991607666,9.1899995803833,6.179999828338623,46.744998931884766,44.2400016784668,17.719999313354492,9.710000038146973,6.53000020980835,47.720001220703125,41.70000076293945,16.479999542236328,9.1899995803833,6.159999847412109,45.27000045776367,43.33000183105469,17.450000762939453,9.489999771118164,6.510000228881836,47.04999923706055,8748100,24193000,25467000,22893100,4189200
2026-08-05,43.029998779296875,17.239999771118164,9.420000076293945,6.510000228881836,46.459999084472656,44.15999984741211,17.459999084472656,9.505000114440918,6.590000152587891,48.09000015258789,42.41999816894531,16.690000534057617,9.09000015258789,6.369999885559082,46.02000045776367,42.9900016784668,16.780000686645508,9.380000114440918,6.429999828338623,46.70000076293945,5182800,19241400,32375400,36685800,3507400
2026-08-06,43.34000015258789,16.149999618530273,9.335000038146973,8.045000076293945,45.31999969482422,44.029998779296875,17.139999389648438,9.864999771118164,8.1899995803833,46.75,41.599998474121094,16.059999465942383,9.149999618530273,7.0,44.79999923706055,42.189998626708984,16.530000686645508,9.470000267028809,7.079999923706055,46.119998931884766,10883500,22638400,33374000,89568000,2569800
2026-08-07,44.290000915527344,16.774999618530273,9.6850004196167,7.199999809265137,47.55500030517578,49.47999954223633,17.950000762939453,10.024999618530273,8.125,52.400001525878906,43.849998474121094,16.405000686645508,9.364999771118164,7.085000038146973,47.22600173950195,48.41999816894531,17.940000534057617,9.819999694824219,8.020000457763672,52.04999923706055,22102700,30022300,30292700,65225000,5692900
2026-08-10,47.22999954223633,17.90999984741211,9.789999961853027,7.800000190734863,51.790000915527344,47.45000076293945,18.28499984741211,9.869999885559082,7.940000057220459,56.599998474121094,44.130001068115234,17.485000610351562,9.180000305175781,7.400000095367432,51.6349983215332,44.4900016784668,17.649999618530273,9.180000305175781,7.460000038146973,55.060001373291016,14239400,18189000,21661500,35802900,6781500
2026-08-11,45.0,17.940000534057617,9.359999656677246,7.420000076293945,54.22999954223633,47.40999984741211,18.239999771118164,9.949999809265137,7.519999980926514,56.58000183105469,44.27000045776367,17.5,9.170000076293945,7.300000190734863,53.0,47.0099983215332,18.09000015258789,9.890000343322754,7.409999847412109,55.689998626708984,10907600,16414200,26115400,22827100,3779200
2026-08-12,47.91999816894531,18.56999969482422,9.835000038146973,7.539999961853027,56.0,48.189998626708984,18.670000076293945,9.9399995803833,7.565000057220459,57.029998779296875,44.5099983215332,17.729999542236328,9.369999885559082,7.289999961853027,53.72999954223633,45.130001068115234,18.420000076293945,9.59000015258789,7.400000095367432,54.61000061035156,8916300,16914900,28975300,18209200,4390900
2026-08-13,44.91999816894531,18.31999969482422,9.489999771118164,7.320000171661377,54.66999816894531,47.720001220703125,19.364999771118164,10.135000228881836,7.480000019073486,55.54999923706055,44.380001068115234,18.309999465942383,9.40999984741211,7.239999771118164,53.84000015258789,46.45000076293945,18.6200008392334,9.850000381469727,7.480000019073486,54.290000915527344,9169100,19326400,35064000,20467600,2256400
2026-08-14,46.5099983215332,18.434999465942383,9.770000457763672,7.449999809265137,53.900001525878906,47.2599983215332,19.25,9.954999923706055,7.619999885559082,54.040000915527344,44.314998626708984,18.399999618530273,9.199999809265137,7.360000133514404,51.7599983215332,44.380001068115234,18.81999969482422,9.390000343322754,7.429999828338623,52.099998474121094,8008200,16960700,35649800,21286800,3020300
2026-08-17,44.099998474121094,18.780000686645508,9.489999771118164,7.3420000076293945,51.119998931884766,44.65800094604492,18.954999923706055,9.609999656677246,7.349999904632568,52.79999923706055,43.5,18.209999084472656,9.130000114440918,6.920000076293945,50.61000061035156,43.880001068115234,18.670000076293945,9.1899995803833,7.039999961853027,51.63999938964844,6159400,10477100,23423100,29955100,2869500
2026-08-18,42.06999969482422,17.610000610351562,8.890000343322754,6.869999885559082,50.06999969482422,42.9900016784668,18.635000228881836,9.1850004196167,7.164999961853027,51.099998474121094,41.16999816894531,17.520000457763672,8.579999923706055,6.849999904632568,49.349998474121094,41.36000061035156,17.709999084472656,8.640000343322754,6.989999771118164,49.36000061035156,7743800,13748000,30373800,22789500,3520000
2026-08-19,41.150001525878906,17.375,8.675000190734863,6.960000038146973,55.97999954223633,43.02000045776367,17.815000534057617,9.345000267028809,7.239999771118164,61.97999954223633,40.29999923706055,16.670000076293945,8.529999732971191,6.849999904632568,54.810001373291016,42.939998626708984,17.0,9.289999961853027,7.159999847412109,61.25,7707800,19255500,36176600,36261700,22543600
2026-08-20,42.29999923706055,16.899999618530273,9.170000076293945,7.130000114440918,61.83000183105469,42.83000183105469,16.969999313354492,9.199999809265137,7.159999847412109,68.95999908447266,40.77000045776367,15.664999961853027,8.770000457763672,6.880000114440918,61.70000076293945,41.65999984741211,16.065000534057617,9.069999694824219,6.96999979019165,66.6500015258789,6367800,20174500,31972700,21935600,20144400
2026-08-21,42.040000915527344,16.315000534057617,9.1899995803833,7.026000022888184,65.5999984741211,43.68000030517578,18.05500030517578,9.645000457763672,7.400000095367432,72.95999908447266,41.38999938964844,16.299999237060547,9.100000381469727,7.025000095367432,65.25,42.09000015258789,17.90999984741211,9.399999618530273,7.320000171661377,72.69000244140625,6545200,23134900,37001500,29105300,15973100
2026-08-24,41.1349983215332,17.4950008392334,9.270000457763672,7.171999931335449,70.07499694824219,41.29999923706055,17.5,9.350000381469727,7.239999771118164,72.0199966430664,39.41999816894531,16.309999465942383,8.800000190734863,6.985000133514404,65.93000030517578,39.689998626708984,16.3700008392334,9.050000190734863,7.0,66.16999816894531,7617000,21717600,46176900,17231900,11929300
2026-08-25,40.7599983215332,16.81999969482422,9.265000343322754,7.039999961853027,66.58000183105469,44.849998474121094,17.239999771118164,9.970000267028809,7.099999904632568,70.79000091552734,40.060001373291016,16.34000015258789,9.029999732971191,6.940000057220459,63.61000061035156,44.27000045776367,16.940000534057617,9.8100004196167,7.050000190734863,68.7300033569336,14125200,13573100,55598600,16341700,8882500
2026-08-26,44.9900016784668,16.700000762939453,9.850000381469727,6.960000038146973,67.4800033569336,46.20000076293945,16.940000534057617,10.255000114440918,7.309999942779541,70.21700286865234,41.08000183105469,15.930000305175781,9.0600004196167,6.855000019073486,67.30000305175781,41.599998474121094,15.9399995803833,9.270000457763672,7.010000228881836,68.4800033569336,18430400,15413300,51877000,27996200,5225800
2026-08-27,42.0,16.28499984741211,9.5,7.139999866485596,68.6500015258789,43.88999938964844,16.68000030517578,9.800000190734863,7.389999866485596,71.88999938964844,41.099998474121094,16.010000228881836,9.239999771118164,7.054999828338623,67.80000305175781,42.529998779296875,16.440000534057617,9.739999771118164,7.21999979019165,70.69000244140625,9621400,15148600,37931500,28281000,6588600
2026-08-28,42.0,16.25,9.619999885559082,7.170000076293945,69.04499816894531,42.66999816894531,16.360000610351562,9.835000038146973,7.28000020980835,70.9000015258789,39.5099983215332,15.4399995803833,9.15999984741211,7.019999980926514,63.77000045776367,40.13999938964844,15.59000015258789,9.289999961853027,7.110000133514404,64.04000091552734,11362400,14609700,37801200,24590200,8774800
2026-08-31,39.599998474121094,15.470000267028809,9.170000076293945,7.014999866485596,62.3650016784668,40.95000076293945,15.890000343322754,9.449999809265137,7.329999923706055,64.55000305175781,39.5,15.449999809265137,9.130000114440918,7.0,60.58000183105469,40.56999969482422,15.65999984741211,9.270000457763672,7.159999847412109,63.04999923706055,6232200,9813400,23206700,22170000,7168800
2026-09-01,39.349998474121094,15.017999649047852,8.899999618530273,6.965000152587891,65.63999938964844,39.349998474121094,15.289999961853027,9.3100004196167,7.0,65.79000091552734,38.04999923706055,14.8100004196167,8.779999732971191,6.760000228881836,61.220001220703125,38.529998779296875,14.989999771118164,9.210000038146973,6.849999904632568,62.27000045776367,7848500,13159900,17599100,26447100,6239200
2026-09-02,38.040000915527344,14.819999694824219,9.135000228881836,6.809999942779541,63.150001525878906,39.720001220703125,15.050000190734863,9.649999618530273,7.070000171661377,67.0999984741211,37.7599983215332,14.595000267028809,9.125,6.71999979019165,60.060001373291016,39.52000045776367,14.869999885559082,9.5600004196167,6.78000020980835,61.939998626708984,6834200,11959900,27545000,23951900,5785600
2026-09-03,39.95000076293945,14.84000015258789,9.699999809265137,6.885000228881836,63.0,40.88999938964844,15.319999694824219,10.074999809265137,6.946000099182129,64.81300354003906,39.459999084472656,14.829999923706055,9.600000381469727,6.690000057220459,61.189998626708984,39.84000015258789,15.180000305175781,9.75,6.739999771118164,64.66000366210938,6970300,14141400,28750500,23514100,4918400
2026-09-04,39.5099983215332,15.220000267028809,9.6899995803833,6.684000015258789,64.76000213623047,41.31999969482422,15.460000038146973,9.779999732971191,6.789999961853027,66.30000305175781,39.5,15.010000228881836,9.430000305175781,6.610000133514404,63.11000061035156,41.27000045776367,15.199999809265137,9.699999809265137,6.739999771118164,64.62000274658203,8127400,10658500,18799100,20674100,4565100
2026-09-08,42.060001373291016,16.385000228881836,9.970000267028809,6.744999885559082,64.04000091552734,44.779998779296875,17.049999237060547,11.369999885559082,6.869999885559082,65.79000091552734,41.79999923706055,15.369999885559082,9.895000457763672,6.465000152587891,63.209999084472656,43.310001373291016,15.8100004196167,11.180000305175781,6.570000171661377,64.29000091552734,14079200,42273500,53956300,39346700,5187500
2026-09-09,42.849998474121094,15.630000114440918,11.010000228881836,6.590000152587891,63.41999816894531,44.2599983215332,15.9399995803833,11.260000228881836,6.610000133514404,64.91000366210938,42.5,15.154999732971191,10.75,6.440000057220459,60.93000030517578,42.56999969482422,15.239999771118164,10.8100004196167,6.480000019073486,61.279998779296875,7690000,18622300,22753400,25085900,6623800
2026-09-10,41.439998626708984,14.890000343322754,10.489999771118164,6.349999904632568,59.869998931884766,41.77000045776367,15.430000305175781,10.6850004196167,6.5,61.11000061035156,39.77000045776367,14.84000015258789,10.100000381469727,6.260000228881836,58.02000045776367,39.880001068115234,15.15999984741211,10.210000038146973,6.28000020980835,58.7400016784668,10686300,14724000,23109000,19301000,5502700
2026-09-11,38.790000915527344,15.34000015258789,9.65999984741211,6.340000152587891,59.470001220703125,39.20000076293945,15.779999732971191,9.770000457763672,6.409999847412109,60.380001068115234,36.20000076293945,15.079999923706055,8.569999694824219,6.25,58.47999954223633,36.220001220703125,15.270000457763672,8.609999656677246,6.260000228881836,59.0099983215332,22594900,14392100,92557900,13676200,3690100
2026-09-14,34.95000076293945,14.550000190734863,8.3100004196167,6.25,57.724998474121094,36.9900016784668,15.595000267028809,8.800000190734863,6.650000095367432,62.810001373291016,34.380001068115234,14.522000312805176,8.234999656677246,6.239999771118164,57.720001220703125,36.209999084472656,15.270000457763672,8.510000228881836,6.46999979019165,62.209999084472656,11644700,13018100,37099600,28606600,4724200
2026-09-15,36.0,15.130000114440918,8.364999771118164,6.329999923706055,61.904998779296875,36.470001220703125,15.529999732971191,8.675000190734863,6.420000076293945,68.93900299072266,35.27000045776367,14.989999771118164,8.239999771118164,6.150000095367432,61.880001068115234,35.97999954223633,15.09000015258789,8.430000305175781,6.150000095367432,68.8499984741211,7398800,12305900,34847100,18728200,8250900
2026-09-16,36.70000076293945,15.199999809265137,8.5649995803833,6.144999980926514,68.79000091552734,36.720001220703125,15.319999694824219,8.604999542236328,6.144999980926514,71.4800033569336,34.72999954223633,14.40999984741211,8.045000076293945,5.829999923706055,68.41999816894531,35.619998931884766,14.789999961853027,8.300000190734863,5.929999828338623,69.97000122070312,7864400,13746500,42278900,29748500,7585800
2026-09-17,36.97999954223633,15.329999923706055,8.545000076293945,6.099999904632568,72.69999694824219,40.650001525878906,16.15999984741211,9.255000114440918,6.110000133514404,81.27999877929688,36.619998931884766,15.300000190734863,8.545000076293945,5.989999771118164,72.61000061035156,39.650001525878906,15.989999771118164,9.039999961853027,6.0,80.36000061035156,17426500,19529800,49346300,16688000,16880400
2026-09-18,39.900001525878906,16.25,9.069999694824219,6.050000190734863,81.4000015258789,40.29999923706055,16.31999969482422,9.210000038146973,6.079999923706055,81.83000183105469,37.5099983215332,15.09000015258789,8.229999542236328,5.829999923706055,75.98999786376953,38.0,15.760000228881836,8.270000457763672,5.929999828338623,77.83999633789062,13843900,19229000,64383600,19977800,9311600
2026-09-21,39.14500045776367,16.209999084472656,8.505000114440918,6.090000152587891,79.08000183105469,40.861000061035156,16.559999465942383,8.9399995803833,6.21999979019165,80.25,39.08000183105469,16.110000610351562,8.470000267028809,6.019999980926514,77.13200378417969,40.18000030517578,16.530000686645508,8.789999961853027,6.170000076293945,78.02999877929688,11447600,16732000,35547100,17839200,5633400
2026-09-22,40.099998474121094,16.485000610351562,8.829999923706055,6.190000057220459,77.98999786376953,41.290000915527344,16.56999969482422,9.020000457763672,6.21999979019165,79.0,39.334999084472656,16.059999465942383,8.630000114440918,6.090000152587891,75.80999755859375,40.45000076293945,16.520000457763672,8.890000343322754,6.119999885559082,77.19000244140625,8240500,13847000,32939900,15338300,5998200
2026-09-23,40.209999084472656,17.625,8.819999694824219,6.130000114440918,76.47000122070312,40.36800003051758,17.65999984741211,8.899999618530273,6.159999847412109,78.97000122070312,38.7599983215332,15.970000267028809,8.479999542236328,6.0,75.87999725341797,38.81999969482422,16.0049991607666,8.680000305175781,6.010000228881836,76.58999633789062,7280000,27251500,38534400,11265700,5369900
2026-09-24,38.349998474121094,15.670000076293945,8.520000457763672,5.989999771118164,75.69000244140625,38.630001068115234,16.600000381469727,8.609999656677246,6.119999885559082,82.45999908447266,37.560001373291016,15.600000381469727,8.3100004196167,5.880000114440918,74.80999755859375,38.290000915527344,16.5,8.470000267028809,6.099999904632568,82.23999786376953,7352300,18966600,33525900,12369000,10821300
2026-09-25,38.599998474121094,16.485000610351562,8.53499984741211,6.119999885559082,83.69499969482422,39.119998931884766,17.295000076293945,8.680000305175781,6.170000076293945,85.45999908447266,37.540000915527344,16.360000610351562,8.270000457763672,6.019999980926514,80.30999755859375,38.040000915527344,16.65999984741211,8.420000076293945,6.050000190734863,85.01000213623047,6778000,17541300,29275200,11873800,8443100
2026-09-28,37.20000076293945,16.450000762939453,8.210000038146973,5.940000057220459,83.56999969482422,38.08000183105469,16.700000762939453,8.279999732971191,6.03000020980835,86.44000244140625,36.90999984741211,15.890000343322754,7.894999980926514,5.829999923706055,82.7699966430664,37.11000061035156,15.949999809265137,7.909999847412109,5.829999923706055,85.08000183105469,6620000,13140400,32945500,15055000,6288800
2026-09-29,37.95500183105469,16.3799991607666,8.119999885559082,5.900000095367432,85.48500061035156,38.20000076293945,16.424999237060547,8.15999984741211,6.010000228881836,89.08999633789062,36.83000183105469,15.729999542236328,7.75,5.809999942779541,81.77999877929688,37.11000061035156,15.739999771118164,7.760000228881836,5.840000152587891,82.58000183105469,7553700,13143900,29745600,14914500,6288400
2026-09-30,37.290000915527344,15.854999542236328,7.860000133514404,5.920000076293945,83.0,38.54999923706055,16.527999877929688,8.180000305175781,6.150000095367432,86.25,36.77000045776367,15.699999809265137,7.75,5.9019999504089355,81.68000030517578,37.02000045776367,15.739999771118164,7.900000095367432,6.019999980926514,81.9000015258789,8160500,14036000,29505700,17346800,4576100
2026-10-01,36.75,15.760000228881836,7.920000076293945,6.050000190734863,81.9800033569336,37.5260009765625,15.984999656677246,8.079999923706055,6.179999828338623,82.80999755859375,36.029998779296875,15.510000228881836,7.78000020980835,5.980000019073486,75.91999816894531,36.13999938964844,15.619999885559082,7.789999961853027,6.050000190734863,76.5,8486700,12809900,30539500,13765900,7177400
2026-10-02,37.29999923706055,16.05500030517578,8.03499984741211,6.204999923706055,77.36000061035156,37.459999084472656,16.104999542236328,8.045000076293945,6.210000038146973,80.30500030517578,35.650001525878906,15.149999618530273,7.605000019073486,5.78000020980835,75.80000305175781,35.869998931884766,15.25,7.75,5.840000152587891,76.62999725341797,9500200,13753200,25993200,23682400,5685600
2026-10-05,36.279998779296875,15.25,7.75,5.849999904632568,76.68000030517578,36.70600128173828,15.300000190734863,7.869999885559082,5.96999979019165,84.01000213623047,35.63999938964844,14.8149995803833,7.630000114440918,5.789999961853027,76.16999816894531,35.970001220703125,15.149999618530273,7.679999828338623,5.880000114440918,83.55000305175781,7660200,12378400,17955900,13997700,7273900
2026-10-06,37.369998931884766,15.279999732971191,7.989999771118164,5.96999979019165,84.96499633789062,39.29999923706055,15.770000457763672,8.369999885559082,5.974999904632568,87.98999786376953,37.0,14.994999885559082,7.914999961853027,5.710000038146973,71.33999633789062,38.54999923706055,15.170000076293945,8.020000457763672,5.71999979019165,71.9800033569336,16748400,14820300,44480300,18246800,16564700
2026-10-07,37.11000061035156,14.744999885559082,7.730000019073486,5.639999866485596,70.0999984741211,37.38999938964844,14.890000343322754,7.820000171661377,5.710000038146973,73.08999633789062,35.970001220703125,14.449999809265137,7.389999866485596,5.599999904632568,68.66000366210938,36.81999969482422,14.59000015258789,7.670000076293945,5.630000114440918,70.3499984741211,11438700,13739200,38681900,14781900,9013700
2026-10-08,36.040000915527344,14.40999984741211,7.5,5.565000057220459,68.8550033569336,36.29199981689453,14.609999656677246,7.550000190734863,5.599999904632568,69.70999908447266,33.70000076293945,13.740300178527832,7.170000076293945,5.449999809265137,66.70999908447266,34.56999969482422,14.140000343322754,7.320000171661377,5.519999980926514,69.27999877929688,16238368,17136381,43143109,16881989,7444569
