date,symbol,name,open,high,low,close,volume,ret_1d,ret_5d,ret_20d,volume_ratio,close_position,near_20d_high,rsi14,trading_value,range_pct,ma5_distance,ma20_distance,gap,volatility_20d,up_score,strong_score,entry_price,target_1,target_2,change_pct,up_model_score,strong_model_score
2026-09-29,028050,삼성E&A,49200,49450,46750,47750,1660410,-0.043086172344689366,-0.08349328214971208,-0.02051282051282055,0.9650526514013856,0.37037037037037035,0.865036231884058,49.07063197026023,79284577500,0.05654450261780105,-0.047856430707876374,-0.029126213592232997,-0.014028056112224463,0.029089276753896904,0.46894027075857103,0.17176534169877672,47750,52525.00000000001,57300.0,-4.308617234468937,46.8940270758571,17.176534169877673
2026-09-29,111770,111770,71600,71600,69800,70900,35932,-0.002812939521800284,-0.02071823204419887,-0.04576043068640645,0.5956131299443457,0.6111111111111112,0.9148387096774193,27.65957446808511,2547578800,0.02538787023977433,-0.0033736294630306585,-0.02710120068610633,0.007032348804500765,0.015467153437535009,0.4304235204590188,0.03351037867400773,70900,77990.0,85080.0,-0.2812939521800284,43.042352045901886,3.3510378674007733
2026-09-29,078930,078930,113700,113800,106300,108800,243293,-0.04811898512685919,-0.04561403508771933,-0.1578947368421053,0.5945267267368537,0.3333333333333333,0.8261199696279423,25.86206896551724,26470278400,0.06893382352941177,-0.0231639432573173,-0.0738060781476122,-0.005249343832021025,0.025368984860665977,0.46328493625248973,0.1571304165520578,108800,119680.00000000001,130560.0,-4.81189851268592,46.328493625248974,15.713041655205782
2026-09-29,001040,001040,135100,137100,132200,136500,132416,0.02400600150037513,0.07058823529411762,0.04597701149425282,1.1404765565214845,0.8775510204081632,0.9956236323851203,57.983193277310924,18074784000,0.035897435897435895,0.038496652465003,0.0444163893033398,0.013503375843960885,0.01762308922044105,0.4387852274334787,0.08481020692457422,136500,150150.0,163800.0,2.400600150037513,43.87852274334787,8.481020692457422
2026-09-29,005385,005385,178700,179000,174800,177400,53246,-0.00893854748603351,0.020126509488211708,-0.077962577962578,0.8143003411142453,0.6190476190476191,0.9225169006760271,27.710843373493972,9445840400,0.02367531003382187,0.004416260899105406,-0.018968091577724944,-0.0016759776536312554,0.018156029282847378,0.4594701694297507,0.03609093040735762,177400,195140.00000000003,212880.0,-0.893854748603351,45.94701694297507,3.609093040735762
2026-09-29,003690,003690,14930,15210,14860,15110,239907,0.018880647336480205,0.009352037408149716,0.03210382513661192,1.0120602080210286,0.7142857142857143,0.9648786717752235,62.88659793814433,3624994770,0.02316346790205162,0.018880647336480205,0.01949935901761024,0.006743088334457248,0.021990068754360853,0.45347360106375995,0.07375111454994036,15110,16621.0,18132.0,1.8880647336480205,45.347360106375994,7.375111454994037
2026-09-29,097230,097230,15000,15000,14350,14550,192862,-0.023489932885906062,-0.06611039794608475,-0.15209790209790208,0.8509402889751959,0.3076923076923077,0.8558823529411764,30.06134969325153,2806142100,0.044673539518900345,-0.02701618296108066,-0.06939558682443236,0.006711409395973256,0.018097308521566702,0.4682204022350133,0.11871105590102772,14550,16005.000000000002,17460.0,-2.348993288590606,46.82204022350133,11.871105590102772
2026-09-29,004700,004700,65100,66900,65100,66900,447,0.022935779816513735,0.012102874432677657,0.0260736196319018,0.6251748251748251,1.0,0.9780701754385965,60.122699386503065,29904300,0.026905829596412557,0.007833684844832822,0.018109876731091212,-0.004587155963302725,0.01877268774929458,0.3990793289840275,0.04566538141186625,66900,73590.0,80280.0,2.2935779816513735,39.90793289840275,4.566538141186625
2026-09-29,003490,003490,31400,31550,30950,31550,1849324,0.0031796502384737746,0.0823327615780447,0.0993031358885017,0.647641131832833,1.0,0.9828660436137072,59.677419354838705,58346172200,0.01901743264659271,0.016430412371134073,0.0587248322147651,-0.0015898251192368873,0.02469358222006968,0.3975407537849983,0.06483513954511066,31550,34705.0,37860.0,0.31796502384737746,39.754075378499834,6.483513954511066
2026-09-29,034830,034830,1131,1139,1123,1137,182433,-0.0008787346221441616,-0.02654109589041098,-0.028205128205128216,0.739490464061853,0.875,0.9096,29.496402877697832,207426321,0.014072119613016711,-0.007853403141361293,-0.028744714474864486,-0.0061511423550087985,0.012417475817044223,0.39525781454389114,0.03983337976308186,1137,1250.7,1364.3999999999999,-0.08787346221441616,39.52578145438911,3.9833379763081855
2026-09-29,006400,006400,526000,527000,505000,517000,362142,-0.02083333333333337,-0.04612546125461259,-0.0945709281961471,0.9265626287276325,0.5454545454545454,0.8616666666666667,42.7710843373494,187227414000,0.0425531914893617,-0.018230155715913354,-0.048758049678012894,-0.0037878787878787845,0.028378991635620333,0.45696699739095026,0.12985682226846046,517000,568700.0,620400.0,-2.083333333333337,45.696699739095024,12.985682226846047
2026-09-29,005420,005420,10360,10380,10010,10170,118662,-0.02117420596727626,-0.02399232245681382,-0.09840425531914898,1.2935147668148088,0.43243243243243246,0.8546218487394958,46.666666666666664,1206792540,0.03638151425762045,-0.007029876977152849,-0.034096305442112285,-0.002887391722810384,0.03153380984823023,0.45519883372741365,0.13693788698013815,10170,11187.0,12204.0,-2.117420596727626,45.51988337274137,13.693788698013815
2026-09-29,357120,357120,4250,4280,4200,4275,38876,-0.001168224299065379,0.04014598540145986,0.015439429928741033,0.5246699893786582,0.9375,0.9930313588850174,76.7123287671233,166194900,0.01871345029239766,0.014957264957264904,0.032047800108636615,-0.007009345794392496,0.008483129534829966,0.37498126376345225,0.01996370268821615,4275,4702.5,5130.0,-0.1168224299065379,37.498126376345226,1.996370268821615
2026-09-29,051915,051915,116900,116900,111700,113200,15563,-0.023295944779982758,-0.06754530477759468,-0.09512390087929656,0.7544745874459463,0.28846153846153844,0.8435171385991058,25.850340136054427,1761731600,0.045936395759717315,-0.019234101542193738,-0.07595608342516635,0.008628127696289845,0.027591105231794887,0.48016318734547697,0.1271067783831018,113200,124520.00000000001,135840.0,-2.329594477998276,48.016318734547696,12.71067783831018
2026-09-29,248070,248070,12950,13080,12750,13050,49186,0.00694444444444442,0.04567307692307687,-0.018796992481203034,0.6162114758205963,0.9090909090909091,0.9695393759286776,54.123711340206185,641877300,0.02528735632183908,0.008344923504867818,0.015208681784589118,-0.0007716049382715529,0.014470545539842967,0.44092321074443014,0.05746551174887848,13050,14355.000000000002,15660.0,0.694444444444442,44.092321074443014,5.7465511748878475
2026-09-29,058650,058650,129800,129800,124400,126200,1505,0.0015873015873015817,-0.03295019157088119,-0.06310319227913885,1.751935277341249,0.3333333333333333,0.902072909220872,29.464285714285708,189931000,0.042789223454833596,-0.01452444166796818,-0.044554642843623427,0.03015873015873005,0.010428199975107005,0.4823092363252985,0.052876790190689325,126200,138820.0,151440.0,0.15873015873015817,48.23092363252985,5.287679019068933
2026-09-29,007340,007340,50700,50900,47550,49300,115494,-0.02182539682539686,-0.006048387096774244,0.044491525423728806,0.9817841943234624,0.5223880597014925,0.962890625,61.04651162790698,5693854200,0.06795131845841786,0.002440016266775036,0.05251921434671214,0.005952380952380931,0.028021021106042807,0.4357066049261995,0.07141504474365838,49300,54230.00000000001,59160.0,-2.182539682539686,43.57066049261995,7.1415044743658385
2026-09-29,002840,002840,138700,138700,134400,135600,2892,-0.02164502164502169,0.005934718100890191,-0.023054755043227626,1.3681197814414459,0.27906976744186046,0.9734386216798278,58.26086956521739,392155200,0.03171091445427729,-0.008191925102399078,0.01175153889199776,0.0007215007215006786,0.02153506096028143,0.4710509616916668,0.046997194097507654,135600,149160.0,162720.0,-2.164502164502169,47.105096169166686,4.699719409750766
2026-09-29,009830,009830,32800,33700,31500,32500,5202406,-0.051094890510948954,0.13438045375218155,-0.03703703703703709,2.058815597093133,0.45454545454545453,0.937950937950938,60.28880866425993,169078195000,0.06769230769230769,0.07225338172220397,0.08009305417082091,-0.04233576642335768,0.050490914764338674,0.4351734452038523,0.1793600166763053,32500,35750.0,39000.0,-5.109489051094895,43.51734452038523,17.93600166763053
2026-09-29,017810,017810,8830,8830,8690,8730,11479,-0.003424657534246589,-0.009080590238365494,-0.10918367346938773,0.47287917049438305,0.2857142857142857,0.7712014134275619,19.469026548672574,100211670,0.016036655211912942,-0.007277689333636594,-0.053196681307955074,0.007990867579908745,0.011667707678928718,0.44185810025722744,0.08913477783186763,8730,9603.0,10476.0,-0.3424657534246589,44.185810025722745,8.913477783186764
2026-09-29,229640,229640,60800,63200,59300,63200,178312,0.014446227929374,0.04809286898839127,0.37690631808278874,0.7732720019133182,1.0,0.9321533923303835,76.04690117252932,11269318400,0.061708860759493674,0.016077170418006492,0.2075471698113207,-0.024077046548956704,0.046373161373340036,0.400844846389635,0.1404953555344234,63200,69520.0,75840.0,1.4446227929374,40.0844846389635,14.049535553442341
2026-09-29,161000,161000,10100,10140,9890,10070,86922,-0.006903353057199246,0.004990019960079861,-0.012745098039215641,0.3426014645757369,0.72,0.8756521739130435,41.83673469387755,875304540,0.024826216484607744,0.006597361055577844,-0.02450837934708905,-0.0039447731755424265,0.03054891311359264,0.4238642955671913,0.06941271321944732,10070,11077.0,12084.0,-0.6903353057199246,42.38642955671913,6.941271321944733
2026-09-29,352820,352820,161900,162500,156900,159100,153200,-0.01729462631253864,-0.04559088182363524,-0.11611111111111116,0.8436548427412505,0.39285714285714285,0.8489861259338314,21.066666666666663,24374120000,0.03519798868636078,-0.00462962962962965,-0.06923684441454359,0.0,0.017066113804496227,0.47219744726311674,0.09291240420883459,159100,175010.0,190920.0,-1.7294626312538641,47.219744726311674,9.29124042088346
2026-09-29,336260,두산퓨얼셀,45500,45500,43000,44550,972831,-0.036756756756756714,-0.11254980079681276,-0.018722466960352402,0.7775166423860305,0.62,0.7550847457627119,39.57115009746588,43339621050,0.05611672278338945,-0.04949861318540649,-0.060572513047604026,-0.01621621621621616,0.06729440901357403,0.5129682959870072,0.2598489302796584,44550,49005.00000000001,53460.0,-3.6756756756756714,51.296829598700725,25.98489302796584
2026-09-29,02826K,02826K,231500,234000,227500,234000,1665,0.010799136069114423,0.0331125827814569,-0.018867924528301883,0.3444851343802371,1.0,0.9378757515030061,51.282051282051285,389610000,0.027777777777777776,-0.008054260279779513,0.005694638444181832,0.0,0.021986014194683594,0.408976712272586,0.043767119061206755,234000,257400.00000000003,280800.0,1.0799136069114423,40.8976712272586,4.376711906120676
2026-09-29,035720,035720,34100,34150,33400,33750,1150348,-0.00589101620029453,0.0044642857142858094,-0.08412483039348706,0.7909956096521504,0.4666666666666667,0.9097035040431267,24.545454545454547,38824245000,0.022222222222222223,-0.0023647650014779753,-0.029544964416648667,0.004418262150220897,0.016284035042143326,0.45454776538468367,0.03495510631088268,33750,37125.0,40500.0,-0.589101620029453,45.454776538468366,3.495510631088268
2026-09-29,066575,066575,72500,73900,71500,73600,37637,0.01377410468319562,0.07288629737609331,0.0068399452804377425,0.5396623973444887,0.875,0.9030674846625767,38.53658536585366,2770083200,0.03260869565217391,0.023928770172509717,0.01791024133877328,-0.0013774104683195176,0.026554420285483823,0.4512701364925238,0.10903180475768956,73600,80960.0,88320.0,1.377410468319562,45.127013649252376,10.903180475768956
2026-09-29,323410,323410,20450,20450,20000,20250,587453,-0.007352941176470562,-0.014598540145985384,-0.07322654462242562,0.7251626129816591,0.5555555555555556,0.9,20.967741935483872,11895923250,0.022222222222222223,0.000988630746416197,-0.04492394764768304,0.002450980392156854,0.00960999750425933,0.4399777726954243,0.03431518555365398,20250,22275.0,24300.0,-0.7352941176470562,43.99777726954243,3.431518555365398
2026-09-29,375500,DL이앤씨,81500,81700,77000,78800,341135,-0.03075030750307506,-0.09216589861751157,0.07503410641200547,0.7553752131263701,0.3829787234042553,0.869757174392936,51.36986301369863,26881438000,0.05964467005076142,-0.04252733900364525,-0.02026606987442492,0.002460024600245969,0.030271459921173156,0.4797614083197233,0.1597591123944605,78800,86680.0,94560.0,-3.075030750307506,47.97614083197233,15.97591123944605
2026-09-29,161890,161890,149500,150300,146100,149600,144872,0.0108108108108107,0.0281786941580755,-0.07482993197278909,0.501314778217902,0.8333333333333334,0.9017480409885473,59.925093632958806,21672851200,0.02807486631016043,0.016028253192067465,0.016580592552323914,0.010135135135135087,0.018892135437668187,0.44502166281076067,0.067396978420311,149600,164560.0,179520.0,1.08108108108107,44.502166281076065,6.7396978420311004
2026-09-29,112610,112610,52400,52600,48750,50700,398119,-0.03977272727272729,-0.021235521235521193,0.026315789473684292,1.2377070713194274,0.5064935064935064,0.9302752293577982,55.0,20184633300,0.07593688362919132,-0.0027537372147915518,0.013442606566388404,-0.007575757575757569,0.029716999328212892,0.43340466557908897,0.10876138657930773,50700,55770.00000000001,60840.0,-3.9772727272727293,43.3404665579089,10.876138657930772
2026-09-29,005180,005180,87000,88800,85500,87000,15868,-0.007981755986317007,0.02473498233215543,-0.06350914962325083,0.26598611233337105,0.45454545454545453,0.90625,52.2167487684729,1380516000,0.03793103448275862,0.018020126374912238,-0.006452349683092606,-0.007981755986317007,0.024928244411061284,0.4459713344764155,0.060920269983868854,87000,95700.00000000001,104400.0,-0.7981755986317007,44.59713344764155,6.092026998386886
2026-09-29,020000,020000,20400,20500,20050,20400,137051,0.007407407407407307,0.15059221658206434,0.2749999999999999,0.955450402168135,0.7777777777777778,0.9927007299270073,91.66666666666667,2795840400,0.022058823529411766,0.028848093605003067,0.21482804823581958,0.007407407407407307,0.03153301601437752,0.4600235680826188,0.15790154405385126,20400,22440.0,24480.0,0.7407407407407307,46.00235680826188,15.790154405385126
2026-09-29,005610,005610,39300,39500,38700,39050,1297,-0.006361323155216314,-0.03580246913580243,-0.046398046398046344,0.5230787844568571,0.4375,0.9231678486997635,34.45378151260503,50647850,0.020486555697823303,-0.004841997961264055,-0.039832800590115514,0.0,0.012059024342324231,0.4371317843515079,0.03822471488229554,39050,42955.0,46860.0,-0.6361323155216314,43.71317843515079,3.8224714882295543
2026-09-29,005250,005250,9520,9630,9420,9480,36024,-0.014553014553014498,-0.014553014553014498,-0.0650887573964497,0.3941253183723841,0.2857142857142857,0.8265039232781168,34.54545454545455,341507520,0.022151898734177215,-0.005663939584644395,-0.025443330763299965,-0.01039501039501034,0.009511106290350678,0.4622042507151599,0.08891622441143841,9480,10428.0,11376.0,-1.4553014553014498,46.22042507151599,8.891622441143841
2026-09-29,023590,023590,39400,39400,37750,38350,53490,-0.02168367346938771,-0.03764115432873272,-0.027883396704689534,1.2369117211780376,0.36363636363636365,0.9130952380952381,52.89855072463768,2051341500,0.04302477183833116,-0.01968302658486709,-0.020746887966805017,0.005102040816326481,0.017513807342531253,0.460258453052403,0.09872853688132086,38350,42185.0,46020.0,-2.168367346938771,46.025845305240296,9.872853688132086
2026-09-29,003070,003070,9200,9260,9080,9240,3738,0.004347826086956497,-0.019108280254777066,-0.06854838709677424,0.3633995061344325,0.8888888888888888,0.9323915237134208,44.71544715447155,34539120,0.01948051948051948,-0.0008650519031141446,-0.011500401176785191,0.0,0.012448839780255603,0.42918526706358523,0.03544728053817339,9240,10164.0,11088.0,0.43478260869564966,42.91852670635852,3.544728053817339
2026-09-29,108320,108320,36550,36800,35950,36700,25287,0.012413793103448256,0.025139664804469275,-0.013440860215053752,0.21132834241760226,0.8823529411764706,0.9557291666666666,50.85714285714286,928032900,0.02316076294277929,0.010184420589044896,0.014372581536760576,0.008275862068965578,0.02449523859008178,0.4500933885603467,0.026919673434682333,36700,40370.0,44040.0,1.2413793103448256,45.00933885603467,2.6919673434682334
2026-09-29,022100,022100,20300,20300,19650,19870,191991,-0.013895781637717097,-0.05155131264916468,-0.07149532710280371,0.13141835043483374,0.3384615384615385,0.8831111111111111,24.532710280373834,3814861170,0.03271263210870659,-0.01506890056508381,-0.06421456660465774,0.007444168734491274,0.017957959403237685,0.4411506458619795,0.042258824501318,19870,21857.0,23844.0,-1.3895781637717097,44.11506458619795,4.2258824501318
2026-09-29,484870,484870,18060,18500,17900,18050,109902,-0.003863134657836609,-0.036305392418579774,0.19457313037723356,0.5714848794560645,0.25,0.9237461617195496,60.121457489878544,1983731100,0.0332409972299169,0.0033351862145636346,0.006804997768853127,-0.0033112582781457123,0.05521042405459179,0.45945234480839087,0.1310872360530669,18050,19855.0,21660.0,-0.3863134657836609,45.94523448083908,13.108723605306691
2026-09-29,105560,105560,173000,174500,171300,173200,736036,-0.0034522439585730202,-0.014228799089356814,0.00932400932400923,0.6449616435272436,0.59375,0.9532195927352779,45.794392523364486,127481435200,0.018475750577367205,-0.010511882998171851,-0.010737948366461025,-0.004602991944764101,0.020379922855003466,0.436170911129178,0.04348098288939769,173200,190520.00000000003,207840.0,-0.345224395857302,43.6170911129178,4.348098288939769
2026-09-29,298020,효성티앤씨,315000,315000,286000,290500,38430,-0.06591639871382637,-0.11432926829268297,-0.1604046242774566,2.6777222289964637,0.15517241379310345,0.7926330150068213,15.568862275449106,11163915000,0.09982788296041308,-0.06017470074409581,-0.12427462506594322,0.012861736334405238,0.023096433874342966,0.5510378436971544,0.2386768260102307,290500,319550.0,348600.0,-6.591639871382638,55.103784369715434,23.86768260102307
2026-09-29,033920,033920,7440,7490,7330,7440,24791,-0.01326259946949604,-0.027450980392156876,-0.05941845764854614,1.4145390951080834,0.6875,0.9358490566037736,31.16883116883116,184445040,0.021505376344086023,-0.008528784648187626,-0.02783222265778129,-0.01326259946949604,0.008156497209013215,0.4210250819421695,0.031021843079083337,7440,8184.000000000001,8928.0,-1.326259946949604,42.102508194216945,3.1021843079083338
2026-09-29,025540,025540,57000,57000,55500,55900,12979,-0.017574692442882234,-0.0035650623885917776,0.0035906642728904536,0.7283021620681335,0.26666666666666666,0.9704861111111112,44.444444444444436,725526100,0.026833631484794274,-0.00886524822695034,-0.0004470272686634136,0.0017574692442883233,0.014736512887407294,0.480337553150138,0.027807502376857623,55900,61490.00000000001,67080.0,-1.7574692442882234,48.0337553150138,2.7807502376857625
2026-09-29,280360,280360,127500,128100,122400,124200,10532,-0.013502779984114421,-0.022816679779701032,-0.15105946684894056,0.3805105749568259,0.3157894736842105,0.8012903225806451,27.070063694267503,1308074400,0.04589371980676329,-0.009727316217509219,-0.08974311993843676,0.012708498808578161,0.020656661084064016,0.4543020787525577,0.08811066817663932,124200,136620.0,149040.0,-1.3502779984114421,45.43020787525577,8.811066817663932
2026-09-29,003120,003120,21550,23000,21550,21600,3661,-0.006896551724137945,-0.011441647597253968,0.031026252983293645,1.050562442607897,0.034482758620689655,0.8816326530612245,67.79661016949152,79077600,0.06712962962962964,-0.009628610729023435,0.01076275152082351,-0.00919540229885063,0.013109784707200544,0.4830778398905558,0.11405298691839365,21600,23760.000000000004,25920.0,-0.6896551724137945,48.30778398905558,11.405298691839365
2026-09-29,415640,415640,10070,10130,9990,10100,70510,0.003976143141153132,-0.022265246853823806,-0.03349282296650713,0.2661635065333874,0.7857142857142857,0.9148550724637681,36.170212765957444,712151000,0.013861386138613862,-0.010192081536652298,-0.032659706924624055,0.0009940357852882276,0.01081016904282775,0.43486307850413297,0.03361872453820585,10100,11110.0,12120.0,0.3976143141153132,43.4863078504133,3.361872453820585
2026-09-29,001940,001940,26750,26750,25500,25650,6795,-0.04112149532710285,-0.02840909090909094,-0.09363957597173145,0.794091352643173,0.12,0.9,46.666666666666664,174291750,0.04873294346978557,-0.029144587433762248,-0.034352941176470586,0.0,0.02211707565150936,0.48189066361888805,0.11953190409227907,25650,28215.000000000004,30780.0,-4.112149532710285,48.189066361888806,11.953190409227906
2026-09-29,003670,003670,182900,183000,173300,176600,318504,-0.03285870755750275,-0.03655210038188761,-0.052066559312936134,0.9460865184512772,0.3402061855670103,0.8786069651741294,45.9349593495935,56247806400,0.05492638731596829,-0.024632718435877554,-0.044759972954699134,0.0016429353778750766,0.04213702881548305,0.4620071671946634,0.1450663105448573,176600,194260.00000000003,211920.0,-3.2858707557502753,46.20071671946634,14.50663105448573
2026-09-29,000320,000320,15860,16950,15420,15680,4671,-0.010725552050473208,-0.016311166875784155,-0.10959681998864279,1.0216200255897117,0.16993464052287582,0.784392196098049,15.28384279475982,73241280,0.0975765306122449,-0.010975148227576614,-0.052911331239429815,0.0006309148264984632,0.010953762147212052,0.48755612841752644,0.10293356959457922,15680,17248.0,18816.0,-1.0725552050473208,48.755612841752644,10.293356959457922
2026-09-29,011780,011780,118500,118700,114300,116000,50145,-0.012765957446808529,-0.03494176372712143,-0.07863383637807786,0.581636771924615,0.38636363636363635,0.851063829787234,28.991596638655466,5816820000,0.03793103448275862,-0.013940836450187066,-0.061868176304084144,0.008510638297872353,0.02358385331169293,0.4565472333203468,0.09026133650475884,116000,127600.00000000001,139200.0,-1.276595744680853,45.65472333203468,9.026133650475884
2026-09-29,217590,217590,13740,13940,13400,13900,400053,0.005061460592914013,-0.06898861352980579,0.20869565217391295,0.24059174118885587,0.9259259259259259,0.8596165739022882,73.51190476190476,5560736700,0.03884892086330935,-0.022915787993814107,0.12618999392343522,-0.006507592190889366,0.057908846185835416,0.42762829392427826,0.13038553772821473,13900,15290.000000000002,16680.0,0.5061460592914013,42.762829392427825,13.038553772821473
2026-09-29,000815,000815,412500,412500,399500,404000,7110,-0.008588957055214674,-0.008588957055214674,-0.0582750582750583,0.7477166248639439,0.34615384615384615,0.8938053097345132,28.57142857142857,2872440000,0.03217821782178218,-0.009561166952684497,-0.03516627858379606,0.012269938650306678,0.012945354382623307,0.4566470158950973,0.05068700053553004,404000,444400.00000000006,484800.0,-0.8588957055214674,45.66470158950973,5.068700053553004
2026-09-29,114090,114090,8940,8980,8800,8950,97889,0.00561797752808979,-0.008859357696566983,-0.06867845993756505,1.1673171703150917,0.8333333333333334,0.9170081967213115,10.169491525423723,876106550,0.02011173184357542,0.002239641657334923,-0.03012570437798001,0.004494382022471877,0.008439319449223211,0.43522295285420376,0.0264656492382355,8950,9845.0,10740.0,0.561797752808979,43.52229528542038,2.6465649238235502
2026-09-29,071320,071320,79200,79300,78100,79000,13292,0.002538071065989911,0.05473965287049398,0.05614973262032086,1.0737626121868664,0.75,0.9850374064837906,67.74193548387098,1050068000,0.015189873417721518,0.007139214686384454,0.03920021047092881,0.0050761421319796,0.015628179990809423,0.4311639587540497,0.06835984819664705,79000,86900.0,94800.0,0.2538071065989911,43.116395875404976,6.835984819664705
2026-09-29,017800,017800,73900,73900,72900,73600,76615,-0.0013568521031207537,-0.004059539918809252,-0.02645502645502651,0.932839001107986,0.7,0.9658792650918635,35.38461538461537,5638864000,0.01358695652173913,-0.004867495943753353,-0.008754208754208737,0.0027137042062415073,0.011780326663672598,0.40511038414369044,0.010940904103740252,73600,80960.0,88320.0,-0.13568521031207537,40.51103841436905,1.0940904103740252
2026-09-29,011500,011500,13380,13980,12960,13800,55358,0.03681442524417733,0.022222222222222143,-0.00933237616654703,1.1252003370031718,0.8235294117647058,0.9025506867233486,57.396449704142015,763940400,0.07391304347826087,0.03775003759963913,0.036697592307403326,0.005259203606311047,0.02491850392501265,0.4568219796936634,0.11320974588507328,13800,15180.000000000002,16560.0,3.681442524417733,45.68219796936634,11.320974588507328
2026-09-29,011760,011760,25300,25400,24450,24700,19808,-0.02371541501976282,-0.06439393939393945,-0.044487427466150864,0.7084570993245551,0.2631578947368421,0.8998178506375227,36.26373626373627,489257600,0.038461538461538464,-0.030612244897959218,-0.05100374603784463,0.0,0.01404672066060289,0.4732563533009158,0.08738050830828677,24700,27170.000000000004,29640.0,-2.371541501976282,47.32563533009158,8.738050830828676
2026-09-29,069620,069620,108300,108300,104900,107200,19466,-0.006487488415199305,-0.02810516772438798,-0.16770186335403725,1.0528251475177535,0.6764705882352942,0.833592534992224,20.25316455696202,2086755200,0.03171641791044776,-0.006855660552158582,-0.05542338532029256,0.003707136237256714,0.018746230306101796,0.4329887156509844,0.07896148470285443,107200,117920.00000000001,128640.0,-0.6487488415199305,43.29887156509844,7.896148470285443
2026-09-29,000660,000660,1755000,1790000,1736000,1790000,2933822,0.016467915956842605,-0.03190914007571666,0.08287961282516632,0.8973620558203156,1.0,0.9250645994832042,50.552922590837284,5251541380000,0.030167597765363128,-0.02014451499890524,0.016439056244853978,-0.0034071550255536653,0.03567750097986349,0.3968229239626602,0.0874499538357486,1790000,1969000.0000000002,2148000.0,1.6467915956842605,39.68229239626602,8.74499538357486
2026-09-29,019170,019170,9200,9210,8960,9030,125357,-0.022727272727272707,-0.03833865814696491,-0.10505450941526262,0.22370925096295788,0.28,0.7493775933609959,28.415300546448094,1131973710,0.02768549280177187,-0.022727272727272707,-0.07394113424264181,-0.0043290043290042934,0.0204463905065949,0.4550701685474226,0.09690433995984048,9030,9933.0,10836.0,-2.2727272727272707,45.50701685474226,9.690433995984048
2026-09-29,195870,195870,59600,63700,59400,63400,184410,0.06375838926174504,0.12014134275618371,0.17407407407407405,1.200660197082502,0.9302325581395349,0.9952904238618524,74.901185770751,11691594000,0.06782334384858044,0.052107534019249835,0.1766889383815886,0.0,0.04425189943373924,0.42856996708235107,0.15644026773263192,63400,69740.0,76080.0,6.375838926174504,42.85699670823511,15.644026773263192
2026-09-29,006340,006340,13080,13290,12870,13280,1178675,0.012195121951219523,-0.04734576757532283,-0.02424687729610575,0.4717479444539134,0.9761904761904762,0.9064846416382253,49.87593052109181,15652804000,0.03162650602409638,-0.01454437518551499,0.005222920293694644,-0.0030487804878048808,0.029168195843477723,0.42923312613584935,0.06916592743605547,13280,14608.000000000002,15936.0,1.2195121951219523,42.92331261358493,6.916592743605547
2026-09-29,000680,000680,2945,2970,2905,2930,27357,-0.0017035775127768327,-0.005093378607809895,-0.028192371475953548,0.4626206035865484,0.38461538461538464,0.9213836477987422,42.857142857142854,80156010,0.02218430034129693,-0.0037402244134647766,-0.015952980688497043,0.0034071550255536653,0.01557961496350333,0.45910604239862957,0.04792103472853622,2930,3223.0000000000005,3516.0,-0.17035775127768327,45.910604239862955,4.792103472853622
2026-09-29,457190,457190,64700,73200,62300,72000,428688,0.11801242236024834,0.10091743119266061,0.08925869894099847,3.00293892767492,0.8899082568807339,0.9511228533685601,63.20346320346321,30865536000,0.15138888888888888,0.09256449165402114,0.09814687714481818,0.004658385093167627,0.041490764956119704,0.4246128785461264,0.16859137651614217,72000,79200.0,86400.0,11.801242236024834,42.46128785461264,16.859137651614216
2026-09-29,395400,395400,5280,5280,5160,5230,120462,-0.013207547169811318,0.027504911591355707,-0.029684601113172504,0.517379891882884,0.5833333333333334,0.944043321299639,51.68539325842697,630016260,0.022944550669216062,-0.014323407463249116,-0.01283503208758019,-0.0037735849056603765,0.016273295503440914,0.4473311693663814,0.051930221767318346,5230,5753.000000000001,6276.0,-1.3207547169811318,44.73311693663814,5.1930221767318345
2026-09-29,081660,081660,38000,38500,37550,38250,108812,0.0013089005235602524,-0.00390625,-0.07496977025392981,0.8593135805140546,0.7368421052631579,0.902122641509434,29.914529914529908,4162059000,0.02483660130718954,0.0007849293563579884,-0.038703191756722766,-0.005235602094240788,0.012627592864139607,0.4432629452299025,0.04429760345556271,38250,42075.0,45900.0,0.13089005235602524,44.32629452299025,4.429760345556271
2026-09-29,279570,279570,5450,5490,5400,5460,212328,-0.005464480874316946,0.011111111111111072,-0.04210526315789476,0.3602334371306737,0.6666666666666666,0.9269949066213922,31.08108108108108,1159310880,0.016483516483516484,0.009615384615384581,-0.020627802690582953,-0.007285974499089298,0.012603350245105035,0.4296231238209992,0.023456457855454863,5460,6006.000000000001,6552.0,-0.5464480874316946,42.962312382099924,2.345645785545486
2026-09-29,002310,002310,8240,8280,7790,7930,188485,-0.043425814234016924,-0.06705882352941173,-0.07359813084112155,2.7386382871759776,0.2857142857142857,0.8685651697699891,18.934911242603548,1494686050,0.0617906683480454,-0.04111245465538094,-0.07208050549964895,-0.006031363088057851,0.017959755232333348,0.4859378582998982,0.10875336358826801,7930,8723.0,9516.0,-4.342581423401692,48.59378582998982,10.8753363588268
2026-09-29,032350,032350,11810,11820,11440,11620,133838,-0.0160880609652837,-0.009377664109121886,-0.12301886792452832,0.5462472287252625,0.47368421052631576,0.8512820512820513,25.503355704697995,1555197560,0.03270223752151463,-0.006158056790968147,-0.04558521560574946,0.0,0.016680219751033003,0.4469108089312086,0.08869337365557195,11620,12782.000000000002,13944.0,-1.6088060965283701,44.69108089312086,8.869337365557195
2026-09-29,251270,251270,35500,35550,34050,34600,96625,-0.019830028328611915,-0.004316546762589968,-0.07610146862483314,0.1416207941097475,0.36666666666666664,0.8883183568677792,33.33333333333333,3343225000,0.04335260115606936,-0.004316546762589968,-0.02638058389025677,0.0056657223796034994,0.01690155599388518,0.4412585873878192,0.040704560354712045,34600,38060.0,41520.0,-1.9830028328611915,44.12585873878192,4.070456035471205
2026-09-29,028100,028100,19410,20500,19310,19780,40075,0.0117647058823529,0.019587628865979312,0.11751412429378538,0.3171068774804266,0.3949579831932773,0.8791111111111111,69.05737704918033,792683500,0.06016177957532862,0.018432705179693087,0.07049113787038297,-0.00716112531969304,0.02351267415567956,0.48057827400301184,0.13211606188079555,19780,21758.0,23736.0,1.17647058823529,48.057827400301186,13.211606188079555
2026-09-29,000430,000430,4750,4800,4550,4675,87486,-0.015789473684210575,-0.04591836734693877,0.04820627802690591,0.7319301451210514,0.5,0.918467583497053,54.65587044534413,408997050,0.053475935828877004,-0.040632054176072185,-0.0026134727185449513,0.0,0.024245031377084877,0.4427342386199277,0.10159479511428046,4675,5142.5,5610.0,-1.5789473684210575,44.273423861992775,10.159479511428046
2026-09-29,020560,020560,8360,8420,8260,8370,59505,0.0011961722488038617,0.07170294494238161,0.08984375,0.35684536820649,0.6875,0.9789473684210527,57.73809523809525,498056850,0.019115890083632018,0.017258142926592113,0.05355906602051741,0.0,0.023621155914526026,0.4469951892680691,0.06710431453507523,8370,9207.0,10044.0,0.11961722488038617,44.69951892680691,6.710431453507523
2026-09-29,002990,002990,12800,13090,12580,12670,907073,-0.021621621621621623,-0.060089020771513346,-0.25558166862514686,0.20800141585510984,0.17647058823529413,0.6725053078556263,13.559322033898297,11492614910,0.04025256511444357,-0.035328155931171,-0.13530114314963315,-0.01158301158301156,0.027307299676140744,0.46380449134426,0.13975604556001567,12670,13937.000000000002,15204.0,-2.1621621621621623,46.380449134426,13.975604556001567
2026-09-29,000480,000480,4350,4350,4265,4290,18957,-0.0023255813953488857,-0.0011641443538998875,-0.06126914660831506,0.511164620516153,0.29411764705882354,0.9387308533916849,22.784810126582286,81325530,0.019813519813519812,-0.002557544757033292,-0.029795895290326224,0.011627906976744207,0.007039793037780511,0.45729044782095535,0.015187913307994624,4290,4719.0,5148.0,-0.23255813953488857,45.729044782095535,1.5187913307994623
2026-09-29,003650,003650,125100,127400,122900,124200,2471,-0.007987220447284393,-0.02435192458758839,-0.12411847672778564,1.0593102265663514,0.28888888888888886,0.8661087866108786,30.813953488372093,306898200,0.036231884057971016,-0.011933174224343701,-0.045239650997424774,-0.0007987220447284171,0.013910967230688043,0.4714707051082806,0.077559201273471,124200,136620.0,149040.0,-0.7987220447284393,47.14707051082806,7.755920127347101
2026-09-29,002020,002020,24150,24150,23300,23650,19851,-0.020703933747411973,-0.0444444444444444,-0.08863198458574184,0.8806540911752702,0.4117647058823529,0.8941398865784499,25.609756097560975,469476150,0.035940803382663845,-0.014583333333333282,-0.05257886830245373,0.0,0.016271828277156737,0.4657690794185576,0.058472922291307024,23650,26015.000000000004,28380.0,-2.0703933747411973,46.57690794185576,5.847292229130702
2026-09-29,451800,451800,5280,5340,5160,5310,57655,-0.0037523452157598447,-0.009328358208955279,-0.020295202952029467,0.7640907181299756,0.8333333333333334,0.9234782608695652,53.75,306148050,0.03389830508474576,-0.005245410266017214,0.0021704255921486393,-0.009380863039399667,0.015079178077520967,0.392817992582201,0.06338507054979958,5310,5841.000000000001,6372.0,-0.37523452157598447,39.281799258220104,6.338507054979958
2026-09-29,268280,268280,130900,135000,130300,130300,1337,-0.008371385083713823,-0.019563581640331118,-0.027611940298507442,1.0540007883326763,0.0,0.9307142857142857,37.5,174211100,0.03607060629316961,-0.011380880121396042,-0.017937895688875494,-0.003805175038051778,0.011303809539617297,0.4918690779299157,0.0426379044579126,130300,143330.0,156360.0,-0.8371385083713823,49.18690779299157,4.26379044579126
2026-09-29,064350,현대로템,114900,115700,110700,112400,382155,-0.03270223752151458,-0.0898785425101215,-0.19194823867721067,1.2076639758059546,0.34,0.8103821196827685,17.256637168141594,42954222000,0.04448398576512456,-0.03750642233259116,-0.08814343081977849,-0.011187607573149738,0.020446080864408255,0.4864383763545705,0.16953709583411875,112400,123640.00000000001,134880.0,-3.2702237521514577,48.64383763545705,16.953709583411875
2026-09-29,002350,002350,5760,5760,5600,5660,63703,-0.012216404886561949,0.014336917562723928,-0.12923076923076926,0.4417581144959531,0.375,0.8707692307692307,35.65217391304347,360558980,0.028268551236749116,0.00891265597147961,-0.029159519725557415,0.005235602094240788,0.017682010652877028,0.46878469013410984,0.07147400401982593,5660,6226.000000000001,6792.0,-1.221640488656195,46.878469013410985,7.147400401982592
2026-09-29,214320,214320,18190,18190,18020,18160,40253,-0.004931506849315093,0.003869541182974112,-0.044713308784850025,0.7519813933503645,0.8235294117647058,0.9423975090814738,26.4957264957265,730994480,0.009361233480176211,0.0009921728585602363,-0.01758182309981071,-0.0032876712328767654,0.0053601448259487545,0.405052836888369,0.016644479521834715,18160,19976.0,21792.0,-0.49315068493150926,40.505283688836904,1.6644479521834714
2026-09-29,489790,489790,45850,49100,45600,49100,221869,0.06507592190889366,0.03695881731784589,-0.021912350597609542,1.4915728476988148,1.0,0.9608610567514677,48.148148148148145,10893767900,0.07128309572301425,0.03064651553316544,0.029565946739358306,-0.005422993492407824,0.028001848382607157,0.3902760565397208,0.09870258022152664,49100,54010.00000000001,58920.0,6.507592190889366,39.02760565397208,9.870258022152663
2026-09-29,450080,450080,35550,35550,33600,34600,403420,-0.025352112676056304,-0.010014306151645225,-0.10013003901170348,1.5807207086481196,0.5128205128205128,0.8606965174129353,41.0377358490566,13958332000,0.05635838150289017,-0.012275192691978298,-0.03560727475437253,0.0014084507042253502,0.028138305974151293,0.447291603232115,0.13446351873459697,34600,38060.0,41520.0,-2.5352112676056304,44.729160323211495,13.446351873459697
2026-09-29,097950,097950,178300,179400,178000,179300,31474,0.002796420581655523,0.024571428571428466,-0.05282620179609088,0.5812389138658741,0.9285714285714286,0.9476744186046512,38.853503184713375,5643288200,0.007808142777467931,0.013796223001243835,-0.005104871823327084,-0.002796420581655523,0.009497151001678392,0.4273774165879081,0.02162880282325663,179300,197230.00000000003,215160.0,0.2796420581655523,42.73774165879081,2.1628802823256628
2026-09-29,003230,삼양식품,1210000,1245000,1207000,1223000,23046,0.004105090311986803,-0.05632716049382713,-0.20943762120232712,0.45890037943012796,0.42105263157894735,0.7875080489375402,27.98353909465021,28185258000,0.03107113654946852,-0.012754278333871438,-0.0727824109173616,-0.006568144499178974,0.019120738214415504,0.5100630699114495,0.12713803489176115,1223000,1345300.0,1467600.0,0.4105090311986803,51.006306991144946,12.713803489176115
2026-09-29,073240,073240,6820,6870,6670,6830,841002,0.002936857562408246,-0.029829545454545414,-0.0720108695652174,0.4733411493534392,0.8,0.8678526048284625,39.075630252100844,5744043660,0.029282576866764276,0.01335311572700304,-0.037689327227897196,0.001468428781204123,0.029761855004092307,0.4359185822933097,0.07477522823266693,6830,7513.000000000001,8196.0,0.2936857562408246,43.591858229330974,7.477522823266693
2026-09-29,003470,003470,4400,4400,4315,4350,251568,-0.011363636363636354,-0.025755879059350506,-0.08517350157728709,0.997710447111249,0.4117647058823529,0.9015544041450777,26.027397260273972,1094320800,0.01954022988505747,-0.01916572717023679,-0.06219683087204919,0.0,0.01369541345831925,0.45794402239119825,0.047377825164121326,4350,4785.0,5220.0,-1.1363636363636354,45.794402239119826,4.737782516412133
2026-09-29,249420,249420,13900,13910,13530,13820,165758,-0.008608321377331474,-0.03894297635605004,-0.06873315363881405,0.337723458483973,0.7631578947368421,0.7677777777777778,32.058823529411754,2290775560,0.027496382054992764,-0.009886803266943689,-0.06835647836052317,-0.0028694404591105283,0.04180162647532069,0.41319538357495633,0.09405927238534181,13820,15202.000000000002,16584.0,-0.8608321377331474,41.31953835749563,9.405927238534181
2026-09-29,060980,060980,39250,39250,38500,38950,10462,-0.002560819462227859,-0.025031289111389188,-0.03827160493827164,0.9763016811388631,0.6,0.9534883720930233,30.0,407494900,0.019255455712451863,-0.0038363171355498826,-0.020556987489784406,0.005121638924455718,0.008596476878787382,0.4263515672175661,0.014647333779607417,38950,42845.0,46740.0,-0.2560819462227859,42.63515672175661,1.4647333779607417
2026-09-29,005720,005720,5570,5570,5370,5430,12385,-0.009124087591240837,-0.026881720430107503,-0.1284109149277689,0.7702832975712909,0.3,0.863275039745628,20.731707317073173,67250550,0.03683241252302026,-0.011289147851420211,-0.0554057580238323,0.01642335766423364,0.011089536643350868,0.47102204139183607,0.05852859294146879,5430,5973.000000000001,6516.0,-0.9124087591240837,47.102204139183605,5.852859294146879
2026-09-29,079160,079160,5210,5260,5110,5150,366574,-0.013409961685823757,-0.01717557251908397,-0.0703971119133574,0.7701354492481297,0.26666666666666666,0.9050966608084359,37.11340206185568,1887856100,0.02912621359223301,-0.015296367112810683,-0.03747313335202318,-0.0019157088122605526,0.020198890957868202,0.4719083345577878,0.06664062424007351,5150,5665.000000000001,6180.0,-1.3409961685823757,47.19083345577878,6.664062424007351
2026-09-29,185750,185750,65400,65400,64000,64300,22676,-0.013803680981595123,-0.0015527950310558758,-0.0613138686131387,1.0769018887100068,0.21428571428571427,0.9069111424541608,20.28985507246378,1458066800,0.02177293934681182,-0.005567584287039851,-0.03518643559156731,0.0030674846625766694,0.008648507226855985,0.46845241282781735,0.040076782200066954,64300,70730.0,77160.0,-1.3803680981595123,46.845241282781735,4.007678220006696
2026-09-29,003160,디아이,36100,37400,35850,37100,439091,0.03486750348675027,0.18152866242038224,0.5236139630390144,0.6383974340287928,0.8064516129032258,0.9919786096256684,67.87878787878788,16290276100,0.04177897574123989,0.03026936961955018,0.17861964895560312,0.0069735006973501434,0.0535912891687453,0.4485805544306364,0.22835449045899436,37100,40810.0,44520.0,3.4867503486750273,44.85805544306364,22.835449045899438
2026-09-29,282330,282330,133700,133700,129900,131400,43053,-0.01573033707865168,-0.04505813953488369,-0.10612244897959189,0.8557015966020778,0.39473684210526316,0.8565840938722294,23.14285714285714,5657164200,0.0289193302891933,-0.022612317762570666,-0.08192139737991266,0.0014981273408238849,0.01878155155320252,0.4658940407909,0.0833847999848634,131400,144540.0,157680.0,-1.573033707865168,46.58940407909,8.33847999848634
2026-09-29,161390,161390,59400,59900,58100,59500,183328,0.003372681281618828,-0.01976935749588138,-0.10391566265060237,0.6437742091749974,0.7777777777777778,0.8775811209439528,31.446540880503136,10908016000,0.030252100840336135,0.015705018777739888,-0.04039996774453669,0.001686340640809414,0.019189654951684353,0.44001372904927777,0.06836740907034058,59500,65450.00000000001,71400.0,0.3372681281618828,44.00137290492778,6.836740907034058
2026-09-29,298050,298050,168000,168000,158600,161200,11699,-0.028330319469559995,-0.028330319469559995,-0.09843400447427297,0.955024306221658,0.2765957446808511,0.8624933119315141,31.756756756756758,1885878800,0.05831265508684864,-0.0024752475247524774,-0.04868692829743282,0.012658227848101333,0.015144807505409452,0.4741287272192733,0.10146278557954884,161200,177320.0,193440.0,-2.8330319469559995,47.41287272192733,10.146278557954885
2026-09-29,0126Z0,0126Z0,332000,342000,324500,339500,36483,0.02259036144578319,0.025679758308157163,-0.09103078982597057,0.5094818250182765,0.8571428571428571,0.859493670886076,35.036496350364956,12385978500,0.05154639175257732,0.018907563025210017,-0.018076644974692746,0.0,0.0199594999143579,0.44529746718851926,0.07886561583436767,339500,373450.00000000006,407400.0,2.259036144578319,44.529746718851925,7.886561583436767
2026-09-29,271940,271940,11130,11130,10580,10740,24325,-0.02452316076294281,-0.06364428945074108,-0.032432432432432434,0.45153871213548574,0.2909090909090909,0.876734693877551,39.6694214876033,261250500,0.051210428305400374,-0.028757460661964163,-0.030992015157666808,0.01089918256130784,0.032222325800356826,0.4624710474313166,0.1035745156803743,10740,11814.000000000002,12888.0,-2.452316076294281,46.247104743131665,10.35745156803743
2026-09-29,126560,126560,3360,3570,3340,3390,225896,0.007429420505200568,0.007429420505200568,0.024169184290030232,2.828983125987782,0.21739130434782608,0.9495798319327731,50.0,765787440,0.06784660766961652,0.007429420505200568,0.007504272234192699,-0.0014858841010401136,0.00877293896551337,0.4708478881043901,0.08105495815422982,3390,3729.0000000000005,4068.0,0.7429420505200568,47.08478881043901,8.105495815422982
2026-09-29,365550,365550,3170,3170,3080,3090,144309,-0.02982731554160123,0.009803921568627416,-0.003225806451612856,0.31496315619233944,0.1111111111111111,0.944954128440367,52.14285714285714,445914810,0.02912621359223301,-0.024313230186296164,-0.01654996817313814,-0.004709576138147598,0.017404720624892334,0.47953129846970277,0.06401810150950173,3090,3399.0000000000005,3708.0,-2.982731554160123,47.95312984697028,6.401810150950173
2026-09-29,122900,122900,8280,8350,8180,8330,80424,0.0,0.0036144578313253017,0.002406738868832692,1.7962551216521507,0.8823529411764706,0.9719953325554259,59.523809523809526,669931920,0.02040816326530612,-0.002634099616858232,0.012889105058365713,-0.00600240096038418,0.009599748373907473,0.36882326722046843,0.03736712437247683,8330,9163.0,9996.0,0.0,36.88232672204684,3.7367124372476828
2026-09-29,194370,194370,12850,12850,12470,12640,32435,-0.011727912431587217,-0.0055074744295829925,-0.07669831994156318,0.6546976854968366,0.4473684210526316,0.8907681465821,48.86877828054299,409978400,0.030063291139240507,-0.009559630152013776,-0.023183925811437356,0.004691164972634887,0.018648872037677032,0.44945024991142013,0.08655889184823946,12640,13904.000000000002,15168.0,-1.1727912431587217,44.94502499114201,8.655889184823947
2026-09-29,086790,086790,135400,135400,133000,134500,415051,0.0007440476190476719,0.005983545250560995,-0.011029411764705843,0.5540237605608648,0.625,0.9471830985915493,41.40624999999999,55824359500,0.017843866171003718,-0.0023735350838154368,-0.013423311083400558,0.007440476190476275,0.020231107459506258,0.44795233804874024,0.02793173415399555,134500,147950.0,161400.0,0.07440476190476719,44.79523380487402,2.7931734153995547
2026-09-29,207940,207940,1386000,1390000,1362000,1384000,30791,-0.004316546762589968,-0.010721944245889903,-0.06864064602960973,0.829015404539109,0.7857142857142857,0.9105263157894737,24.691358024691354,42614744000,0.02023121387283237,-0.0031691155286660555,-0.0328441649196366,-0.0028776978417266452,0.011681056021850612,0.41244230225079603,0.03394585904362171,1384000,1522400.0000000002,1660800.0,-0.4316546762589968,41.244230225079605,3.394585904362171
2026-09-29,278470,278470,371500,371500,358000,362000,133919,-0.013623978201634857,-0.016304347826086918,-0.21560130010834233,0.5563573609054667,0.2962962962962963,0.7621052631578947,38.17204301075269,48478678000,0.03729281767955801,-0.009033670955379103,-0.04774431145600422,0.012261580381471404,0.02441687643165786,0.4761461602774159,0.14331360816235286,362000,398200.00000000006,434400.0,-1.3623978201634857,47.61461602774159,14.331360816235286
2026-09-29,000070,000070,58500,58500,57500,57800,5261,-0.0068728522336769515,-0.013651877133105783,-0.05090311986863716,0.9472281737815307,0.3,0.9248,14.285714285714278,304085800,0.01730103806228374,-0.007895640233436363,-0.0342522974101922,0.005154639175257714,0.009218574975792504,0.4528623387002993,0.022462653042538368,57800,63580.00000000001,69360.0,-0.6872852233676952,45.28623387002993,2.246265304253837
2026-09-29,004370,004370,397500,412000,395000,408500,27583,0.03548795944233207,0.040764331210191074,-0.09322974472807988,1.0456681331470696,0.7941176470588235,0.8899782135076253,44.14414414414415,11267655500,0.0416156670746634,0.031565656565656575,-0.009456838021338454,0.0076045627376426506,0.014521536498483211,0.45109281106894367,0.11188725432881375,408500,449350.00000000006,490200.0,3.5487959442332073,45.109281106894365,11.188725432881375
2026-09-29,462870,462870,31550,31900,31000,31400,31328,-0.004754358161648153,0.011272141706924366,-0.045592705167173286,0.9654192661667202,0.4444444444444444,0.9345238095238095,48.10126582278482,983699200,0.028662420382165606,0.005443483829650875,-0.008838383838383868,0.0,0.01174772786971086,0.4586306633769683,0.06704077321207806,31400,34540.0,37680.0,-0.47543581616481534,45.86306633769683,6.704077321207806
2026-09-29,010060,010060,222000,225500,205000,219000,331130,-0.05603448275862066,0.07616707616707608,-0.20218579234972678,1.201494856554838,0.6829268292682927,0.7752212389380531,48.724489795918366,72517470000,0.09360730593607305,0.05420236834504677,-0.0034583181652712014,-0.0431034482758621,0.05225516081901555,0.34702772807749743,0.246368243464118,219000,240900.00000000003,262800.0,-5.603448275862066,34.702772807749746,24.6368243464118
2026-09-29,001430,001430,43950,45500,42700,45450,125947,0.015642458100558754,0.006644518272425293,0.06690140845070425,0.982459999586569,0.9821428571428571,0.9275510204081633,68.12080536912751,5724291150,0.061606160616061605,0.012474938739140073,0.06216405702266892,-0.01787709497206702,0.033572166413319934,0.3886726961338128,0.08082345043231431,45450,49995.00000000001,54540.0,1.5642458100558754,38.867269613381275,8.082345043231431
2026-09-29,009970,009970,168300,169500,164500,165300,7415,-0.010179640718562921,-0.015485407980941002,-0.036151603498542295,0.7943139334340286,0.16,0.9413439635535308,36.363636363636374,1225699500,0.030248033877797943,-0.005774088776614894,-0.019718309859154903,0.007784431137724646,0.010659765143427655,0.47017754222697505,0.02717469483604397,165300,181830.00000000003,198360.0,-1.0179640718562921,47.017754222697505,2.717469483604397
2026-09-29,092230,092230,96300,101800,95000,96400,750,-0.00515995872033026,-0.009249743062692661,-0.07574304889741135,0.3291567005332338,0.20588235294117646,0.9146110056925996,46.610169491525426,72300000,0.07053941908713693,0.007735730712941757,-0.015221166615588921,-0.006191950464396245,0.01910334444157983,0.4586790171244189,0.05099792465857954,96400,106040.00000000001,115680.0,-0.515995872033026,45.86790171244189,5.099792465857954
2026-09-29,226320,226320,10560,10600,10370,10430,13129,-0.00666666666666671,-0.03156917363045497,-0.08588957055214719,0.5281525121337498,0.2608695652173913,0.9069565217391304,50.717703349282296,136935470,0.02205177372962608,-0.013804841149773095,-0.01417769376181477,0.005714285714285783,0.01805501834673689,0.46535643123828657,0.07252866172984598,10430,11473.000000000002,12516.0,-0.666666666666671,46.535643123828656,7.252866172984598
2026-09-29,047810,047810,129800,130300,125900,127000,162931,-0.01244167962674958,-0.02457757296466978,-0.04583020285499628,0.5302906279444815,0.25,0.9084406294706724,45.348837209302324,20692237000,0.03464566929133858,-0.014128240956373217,-0.013362336855189505,0.009331259720062102,0.020386601369365858,0.4638160001897432,0.06942127369317334,127000,139700.0,152400.0,-1.244167962674958,46.381600018974325,6.942127369317334
2026-09-29,006360,006360,35350,35350,33250,34400,1226493,-0.026874115983026914,-0.07526881720430112,-0.07402422611036341,0.7090761777344127,0.5476190476190477,0.8742058449809402,47.33333333333333,42191359200,0.061046511627906974,-0.03803131991051456,-0.0380985669346382,0.0,0.03932337743019748,0.4736040311713054,0.1465020176941605,34400,37840.0,41280.0,-2.6874115983026914,47.36040311713054,14.65020176941605
2026-09-29,284740,284740,24250,24350,23750,23900,11917,-0.012396694214875992,0.00843881856540074,-0.006237006237006182,1.1924512442838988,0.25,0.9775051124744376,56.36363636363637,284816300,0.02510460251046025,-0.0004182350480970154,0.014215998302567368,0.0020661157024792765,0.010682170676129536,0.48193565472757993,0.03069982884090046,23900,26290.000000000004,28680.0,-1.2396694214875992,48.193565472757996,3.069982884090046
2026-09-29,03473K,03473K,372500,373000,370000,373000,364,0.008108108108108025,-0.005333333333333301,-0.013227513227513255,0.30868385345997285,1.0,0.8477272727272728,18.22660098522168,135772000,0.00804289544235925,-0.017904160084254883,-0.05359974627339037,0.006756756756756799,0.03204785596852598,0.38962097873569224,0.03919575463806438,373000,410300.00000000006,447600.0,0.8108108108108025,38.96209787356922,3.9195754638064377
2026-09-29,009410,009410,1632,1642,1597,1622,206506,-0.004907975460122671,-0.030484160191273202,-0.04193738924985235,0.896870490669452,0.5555555555555556,0.929512893982808,11.111111111111114,334952732,0.027743526510480888,-0.009042033235581615,-0.031063321385902065,0.0012269938650306678,0.00818209801580828,0.42291207750509324,0.02013402868766839,1622,1784.2,1946.3999999999999,-0.4907975460122671,42.29120775050932,2.013402868766839
2026-09-29,005090,005090,48200,48750,46900,48550,59850,0.022105263157894628,-0.11080586080586086,-0.22691082802547768,0.40443889424987234,0.8918918918918919,0.7780448717948718,38.83299798792757,2905717500,0.03810504634397528,-0.03842345018815607,-0.10568731291733824,0.01473684210526316,0.04651437809800868,0.49618023930862976,0.18998417539686,48550,53405.00000000001,58260.0,2.210526315789463,49.618023930862975,18.998417539686
2026-09-29,071970,071970,48950,49000,46500,47600,257729,-0.02757916241062308,-0.0863723608445297,-0.10357815442561202,1.5376914253666671,0.44,0.8798521256931608,39.53488372093023,12267900400,0.052521008403361345,-0.037411526794742134,-0.05993877752542709,0.0,0.028782127225199378,0.4785893393346901,0.14569741526822072,47600,52360.00000000001,57120.0,-2.757916241062308,47.85893393346901,14.569741526822073
2026-09-29,003350,003350,15480,15500,14820,15250,388703,-0.00716145833333337,-0.022435897435897467,0.05609418282548484,0.20798553412113602,0.6323529411764706,0.8514796203238414,65.18817204301075,5927720750,0.04459016393442623,-0.0019633507853402676,0.06256967670011138,0.0078125,0.056632338526058666,0.41634719125499886,0.07788345897888484,15250,16775.0,18300.0,-0.716145833333337,41.634719125499885,7.788345897888484
2026-09-29,004990,004990,24600,24700,23750,23950,101656,-0.028397565922920864,-0.028397565922920864,-0.008281573498964856,0.7500189983761,0.21052631578947367,0.935546875,37.14285714285714,2434661200,0.03966597077244259,-0.017234304472712347,-0.027707297269867093,-0.0020283975659228792,0.015048931706883206,0.46893386392810255,0.05852477326746857,23950,26345.000000000004,28740.0,-2.8397565922920864,46.89338639281026,5.852477326746857
2026-09-29,100090,100090,11750,11820,11400,11550,319922,-0.014505119453924964,-0.035893155258764575,-0.16485900216919736,0.2637035210200693,0.35714285714285715,0.77,18.70229007633587,3695099100,0.03636363636363636,-0.0017286084701815252,-0.06783422783584192,0.0025597269624573205,0.03808460029480508,0.42555675443235913,0.08195719788257329,11550,12705.000000000002,13860.0,-1.4505119453924964,42.55567544323591,8.195719788257328
2026-09-29,009240,009240,40850,40900,39650,39750,23166,-0.016089108910891103,0.01662404092071612,0.0012594458438286438,0.6078121412875931,0.08,0.9695121951219512,69.1358024691358,920848500,0.031446540880503145,0.0012594458438286438,0.021653922765533684,0.011138613861386037,0.012734720848308668,0.5205243563776745,0.047734786887854194,39750,43725.0,47700.0,-1.6089108910891103,52.052435637767445,4.77347868878542
2026-09-29,105630,105630,8580,8590,8510,8550,15110,-0.0034965034965035446,-0.0393258426966292,-0.04255319148936165,0.2856505497497013,0.5,0.9233261339092873,13.58024691358024,129190500,0.00935672514619883,-0.009269988412514474,-0.04271398981134189,0.0,0.01019138172486445,0.4064645982472944,0.019471123753286405,8550,9405.0,10260.0,-0.34965034965035446,40.64645982472944,1.9471123753286406
2026-09-29,064400,064400,69600,69700,68500,69600,341451,-0.0014347202295552641,-0.011363636363636354,-0.08179419525065967,0.7141088420407161,0.9166666666666666,0.8946015424164524,25.899280575539578,23764989600,0.017241379310344827,-0.007132667617689048,-0.0347410027043894,-0.0014347202295552641,0.019057334570142016,0.3832980464735933,0.03794669991824456,69600,76560.0,83520.0,-0.1434720229555264,38.329804647359325,3.7946699918244557
2026-09-29,344820,344820,24050,24050,23600,23800,5515,-0.01039501039501034,-0.01039501039501034,-0.059288537549407105,0.4466871043903308,0.4444444444444444,0.9278752436647173,33.33333333333333,131257000,0.018907563025210083,-0.0012589173310952884,-0.028967768257853965,0.0,0.01080013771380397,0.44111313047137474,0.02594597484375237,23800,26180.000000000004,28560.0,-1.039501039501034,44.11131304713747,2.594597484375237
2026-09-29,007810,007810,69100,75900,68400,75800,1370761,0.08908045977011492,0.45210727969348663,0.2612312811980033,2.6780333282798052,0.9866666666666667,0.9986824769433466,81.80592991913747,103903683800,0.09894459102902374,0.14918132201334133,0.34977518586119394,-0.007183908045977017,0.07092469351521284,0.4225299203099964,0.1994989220976625,75800,83380.0,90960.0,8.908045977011492,42.25299203099964,19.94989220976625
2026-09-29,020120,020120,8390,8970,7850,8080,364344,-0.03694874851013108,-0.040380047505938266,0.3074433656957929,0.6219943274412335,0.20535714285714285,0.855026455026455,57.847533632286996,2943899520,0.13861386138613863,0.001984126984126977,0.02460055795079885,0.0,0.08828725758674477,0.4605190306872551,0.18647834489897355,8080,8888.0,9696.0,-3.694874851013108,46.05190306872551,18.647834489897356
2026-09-29,017960,017960,20150,20300,19500,19880,154530,-0.027872860635696828,-0.05558194774346792,-0.20320641282565133,0.9040378955275484,0.475,0.808130081300813,20.562770562770552,3072056400,0.04024144869215292,-0.025776732333627317,-0.08530413177509888,-0.014669926650366705,0.021281576848380734,0.4895927934853892,0.146829469847391,19880,21868.0,23856.0,-2.787286063569683,48.95927934853892,14.6829469847391
2026-09-29,018260,018260,218500,220000,214000,218000,118646,0.0,-0.009090909090909038,-0.10288065843621397,0.7145035869409755,0.6666666666666666,0.8861788617886179,29.411764705882362,25864828000,0.027522935779816515,-0.015356820234869062,-0.03699613473219221,0.002293577981651307,0.02710626767721873,0.4339018825903948,0.0603150089633262,218000,239800.00000000003,261600.0,0.0,43.39018825903948,6.03150089633262
2026-09-29,030000,030000,17820,17900,17740,17870,175762,0.003368893879842849,0.025243832472748196,-0.07600827300930713,0.45233522867941545,0.8125,0.9230371900826446,23.222748815165872,3140866940,0.008953553441522105,0.00914840749943524,-0.030069474598349966,0.0005614823133071045,0.015872536442605965,0.4460674944294847,0.024125630568544457,17870,19657.0,21444.0,0.3368893879842849,44.60674944294847,2.4125630568544456
2026-09-29,078520,078520,10870,11030,10770,10880,39632,0.013035381750465591,0.01209302325581385,-0.14127861089187055,0.4558074273424651,0.4230769230769231,0.8299008390541571,50.21834061135372,431196160,0.02389705882352941,0.016062756817332824,0.008107482047718273,0.012104283054003684,0.027916298826335176,0.47842101691975264,0.11935686043284059,10880,11968.000000000002,13056.0,1.3035381750465591,47.842101691975266,11.93568604328406
2026-09-29,011210,011210,53600,53900,52500,53100,29914,-0.00747663551401867,-0.029250457038391242,-0.11055276381909551,0.5413686234588847,0.42857142857142855,0.8791390728476821,25.000000000000014,1588433400,0.026365348399246705,-0.0037523452157598447,-0.052885044145188576,0.0018691588785046953,0.017338511223530504,0.4504208797666056,0.0612200939899047,53100,58410.00000000001,63720.0,-0.747663551401867,45.04208797666056,6.12200939899047
2026-09-29,036570,036570,216500,220500,205500,210500,79761,-0.014051522248243575,0.0071770334928229484,-0.06444444444444442,0.9815657229142144,0.3333333333333333,0.9232456140350878,39.495798319327726,16789690500,0.07125890736342043,-0.014974262985493647,-0.011272898074213278,0.014051522248243575,0.026223903642506097,0.4683289193020089,0.06922744746711276,210500,231550.00000000003,252600.0,-1.4051522248243575,46.83289193020089,6.922744746711277
2026-09-29,004980,004980,8200,8390,8180,8260,20027,-0.0012091898428052694,0.007317073170731714,-0.04398148148148151,0.3180592777877037,0.38095238095238093,0.9418472063854048,34.66666666666667,165423020,0.025423728813559324,0.005110732538330387,-0.004579416726922192,-0.008464328899637219,0.010182135764732397,0.4509684637355775,0.017833109116170448,8260,9086.0,9912.0,-0.12091898428052694,45.096846373557746,1.7833109116170447
2026-09-29,017860,017860,12760,12900,12400,12660,70709,-0.018604651162790753,0.04369332234130252,0.046280991735537125,1.002804517009697,0.52,0.9590909090909091,58.8235294117647,895175940,0.03949447077409163,0.028098099723891545,0.05005598639737907,-0.010852713178294615,0.027658570600954228,0.4462167969822362,0.11497135591149464,12660,13926.000000000002,15192.0,-1.8604651162790753,44.62167969822362,11.497135591149464
2026-09-29,000370,000370,7910,7960,7760,7840,355718,-0.006337135614702172,-0.032098765432098775,-0.07218934911242603,0.464541913938595,0.4,0.8439181916038752,41.365461847389554,2788829120,0.025510204081632654,-0.0017825311942959443,-0.05004240882103472,0.0025348542458809575,0.03252094080417102,0.4539982313851712,0.09319161204096207,7840,8624.0,9408.0,-0.6337135614702172,45.39982313851712,9.319161204096208
2026-09-29,012030,012030,1750,1751,1694,1745,549666,-0.002287021154945723,0.0712093308778392,0.17587601078167125,0.5589759683431423,0.8947368421052632,0.9847629796839729,59.19395465994962,959167170,0.032664756446991405,0.02454203851573511,0.08049535603715174,0.0005717552887363198,0.04152989560124879,0.39776816320466296,0.07715777075686003,1745,1919.5000000000002,2094.0,-0.2287021154945723,39.776816320466295,7.715777075686003
2026-09-29,015360,015360,14650,14800,14550,14630,9674,-0.0034059945504086864,0.01245674740484426,0.04425410421127762,0.707303342033881,0.32,0.9825386165211552,63.27683615819209,141530620,0.017088174982911826,0.003842459173871271,0.014352076544408288,-0.002043596730245234,0.010596780609501866,0.46529341098117594,0.03139467818597637,14630,16093.000000000002,17556.0,-0.34059945504086864,46.52934109811759,3.139467818597637
2026-09-29,039570,039570,7450,7590,7430,7530,3657,0.0,-0.011811023622047223,-0.01953125,0.6328248700000865,0.625,0.9716129032258064,46.80851063829787,27537210,0.021248339973439574,0.0018626929217668842,-0.005940594059405946,-0.010624169986719778,0.006388101510234111,0.42300453904632607,0.016100408059197425,7530,8283.0,9036.0,0.0,42.300453904632604,1.6100408059197424
2026-09-29,068270,068270,178400,179300,175500,179000,280776,0.006183249016301184,-0.0061077179344808386,-0.06135291033036183,0.718141083304069,0.9210526315789473,0.9357030841610037,33.777777777777786,50258904000,0.021229050279329607,0.0,-0.01613213510319622,0.0028105677346823565,0.009956285918991963,0.4261781692474984,0.023526228579055283,179000,196900.00000000003,214800.0,0.6183249016301184,42.61781692474984,2.352622857905528
2026-09-29,094800,094800,7730,8000,7510,7960,117287,0.033766233766233666,0.024453024453024552,0.11484593837535018,0.8237496562939728,0.9183673469387755,0.995,74.67532467532467,933604520,0.06155778894472362,0.021298434693353796,0.06452691407556,0.003896103896103842,0.01575272316546861,0.4318586246225763,0.09018843508622129,7960,8756.0,9552.0,3.3766233766233666,43.18586246225763,9.01884350862213
2026-09-29,302440,302440,36400,36400,35450,35850,49953,-0.006925207756232732,0.014144271570014189,-0.07958921694480103,0.7746308512518958,0.42105263157894735,0.9180537772087067,37.93103448275862,1790815050,0.026499302649930265,0.0011170064227870036,-0.029507309149972905,0.008310249307479145,0.015013626991444609,0.47493340366437625,0.05523473235066858,35850,39435.0,43020.0,-0.6925207756232732,47.49334036643763,5.523473235066858
2026-09-29,053690,053690,21250,21600,20450,20950,101640,-0.025581395348837188,-0.049886621315192725,-0.08913043478260874,0.3645127278204549,0.43478260869565216,0.8346613545816733,27.272727272727266,2129358000,0.05489260143198091,-0.035006909258406216,-0.06337319771990613,-0.011627906976744207,0.036692677002238265,0.4520966512573705,0.10782070185993986,20950,23045.000000000004,25140.0,-2.558139534883719,45.20966512573705,10.782070185993986
2026-09-29,000100,000100,74400,74500,72500,73200,196372,-0.016129032258064502,-0.0368421052631579,-0.13780918727915192,0.8759171622838916,0.35,0.8642266824085005,22.222222222222214,14374430400,0.0273224043715847,-0.01692183722804186,-0.06769407119658666,0.0,0.011280752728879786,0.46185614064577474,0.0738368140860809,73200,80520.0,87840.0,-1.6129032258064502,46.18561406457747,7.383681408608091
2026-09-29,018670,018670,242500,243000,235500,239500,5978,-0.008281573498964856,-0.004158004158004158,0.04130434782608705,0.6033721417288661,0.5333333333333333,0.9211538461538461,50.0,1431731000,0.031315240083507306,-0.005398671096345509,-0.0027066416822818518,0.0041407867494824835,0.018811757042363833,0.4354497854875094,0.07780127832172434,239500,263450.0,287400.0,-0.8281573498964856,43.54497854875094,7.780127832172434
2026-09-29,006800,006800,31550,31800,30650,31150,786151,-0.01579778830963663,-0.014240506329113889,-0.13831258644536648,0.7581181413009296,0.43478260869565216,0.8569463548830811,24.822695035460995,24488603650,0.03691813804173355,-0.026562500000000044,-0.061393596986817345,-0.003159557661927326,0.022399010414491934,0.4503290995488836,0.08127233703187055,31150,34265.0,37380.0,-1.579778830963663,45.03290995488836,8.127233703187056
2026-09-29,025000,025000,57800,57800,56700,57700,4183,0.00698080279232105,0.0248667850799289,0.03405017921146958,0.9260161161781635,0.9090909090909091,0.9648829431438127,70.73170731707317,241359100,0.019064124783362217,0.014773126978543827,0.040483274727256324,0.008726003490401313,0.01168670245854257,0.43289780392941685,0.05251659955288884,57700,63470.00000000001,69240.0,0.698080279232105,43.28978039294169,5.2516599552888845
2026-09-29,000670,000670,42600,42600,40750,42000,77159,-0.007092198581560294,-0.12317327766179542,0.01941747572815533,0.6780511488836309,0.6756756756756757,0.7850467289719626,55.19348268839104,3240678000,0.04404761904761905,-0.024390243902439046,-0.014431538190777915,0.007092198581560183,0.07349446804012379,0.47107998597387546,0.2261341059423339,42000,46200.00000000001,50400.0,-0.7092198581560294,47.10799859738755,22.61341059423339
2026-09-29,009290,009290,6500,6600,6270,6340,202513,-0.024615384615384595,0.009554140127388644,-0.032061068702290085,1.8311829993937139,0.21212121212121213,0.9255474452554745,52.94117647058823,1283932420,0.052050473186119876,-0.011845386533665847,-0.004005969680307864,0.0,0.01471115085642352,0.4790028787003639,0.10443010939845664,6340,6974.000000000001,7608.0,-2.4615384615384595,47.90028787003639,10.443010939845664
2026-09-29,383220,383220,69700,69800,68300,69300,30294,0.0028943560057888007,0.004347826086956497,0.03587443946188351,0.5372553053385024,0.6666666666666666,0.9914163090128756,67.61904761904762,2099374200,0.021645021645021644,0.010793465577596306,0.032632990612427415,0.00868306801736618,0.014573232660831673,0.45420855898948487,0.013515468031126089,69300,76230.0,83160.0,0.28943560057888007,45.42085589894849,1.3515468031126088
2026-09-29,108670,108670,33450,33450,32550,33050,7897,-0.003016591251885359,-0.016369047619047672,-0.06638418079096042,0.41434818994850164,0.5555555555555556,0.9180555555555555,26.530612244897966,260995850,0.02723146747352496,0.0024264482863209924,-0.030720727326050246,0.009049773755656076,0.016624959259593196,0.4343963193370506,0.02633457517231216,33050,36355.0,39660.0,-0.3016591251885359,43.43963193370506,2.633457517231216
2026-09-29,377300,377300,40800,40900,39750,40200,166148,-0.017114914425427896,-0.001242236024844745,-0.15100316789862722,0.5179601694278552,0.391304347826087,0.8220858895705522,26.353790613718417,6679149600,0.028606965174129355,-0.00887573964497046,-0.087037983307784,-0.0024449877750610804,0.03326430543578758,0.4569066815651535,0.09965611748785293,40200,44220.0,48240.0,-1.7114914425427896,45.69066815651535,9.965611748785292
2026-09-29,272450,272450,6000,6000,5890,5940,43665,-0.003355704697986628,0.020618556701030855,0.0050761421319796,0.41111231938809084,0.45454545454545453,0.9,42.592592592592595,259370100,0.018518518518518517,-0.002686366689053088,-0.004941787419381893,0.006711409395973256,0.02696240548046929,0.4596921451295507,0.07603092002077341,5940,6534.000000000001,7128.0,-0.3355704697986628,45.96921451295507,7.603092002077341
2026-09-29,012450,012450,1033000,1039000,1000000,1020000,101004,-0.013539651837524147,-0.06593406593406592,-0.11840968020743303,0.7727967938619411,0.5128205128205128,0.8725406330196749,47.02194357366771,103024080000,0.03823529411764706,-0.02317563685117796,-0.03841621494225789,-0.0009671179883945502,0.027894634875157573,0.47218441853370186,0.11880154295024911,1020000,1122000.0,1224000.0,-1.3539651837524147,47.21844185337019,11.88015429502491
2026-09-29,326030,326030,76200,76200,73800,74900,99352,-0.014473684210526305,-0.038510911424903704,-0.1488636363636363,0.8587670048218775,0.4583333333333333,0.8285398230088495,14.685314685314694,7441464800,0.03204272363150868,-0.019119958093242517,-0.07804037419990151,0.002631578947368318,0.015575917753098018,0.45206994137569756,0.07978810946764481,74900,82390.0,89880.0,-1.4473684210526305,45.20699413756976,7.978810946764481
2026-09-29,499790,499790,39400,39850,38200,39350,31910,-0.007566204287515754,0.011568123393316254,-0.09017341040462423,0.6862461518279288,0.696969696969697,0.8610503282275711,43.258426966292134,1255658500,0.04193138500635324,0.03280839895013132,-0.02290644981066481,-0.006305170239596425,0.030160540750855884,0.4382737231116905,0.10770474435641986,39350,43285.0,47220.0,-0.7566204287515754,43.82737231116905,10.770474435641987
2026-09-29,000400,000400,2050,2070,2025,2040,138076,-0.01449275362318836,-0.01210653753026636,-0.04672897196261683,0.4041221773298393,0.3333333333333333,0.918918918918919,45.12195121951219,281675040,0.022058823529411766,-0.00390625,-0.01615625753556793,-0.009661835748792313,0.024087084836724285,0.45467671209943533,0.05709567596517738,2040,2244.0,2448.0,-1.449275362318836,45.46767120994353,5.709567596517738
2026-09-29,001790,001790,2845,2865,2825,2850,42062,0.007067137809187329,-0.012131715771230511,-0.018932874354561147,0.30608220310492024,0.625,0.9612141652613828,40.35087719298245,119876700,0.014035087719298246,0.004582305252026853,-0.006535947712418277,0.005300353356890497,0.008751561056157809,0.46230229245892557,0.013305092075583043,2850,3135.0000000000005,3420.0,0.7067137809187329,46.23022924589256,1.3305092075583043
2026-09-29,005945,005945,22900,22900,22500,22700,29122,-0.008733624454148492,0.006651884700665134,-0.023655913978494647,0.8292247480391974,0.5,0.961864406779661,33.33333333333333,661069400,0.01762114537444934,-0.01089324618736387,-0.01742235688778271,0.0,0.008915232112859987,0.43770440304983177,0.010119607736596587,22700,24970.000000000004,27240.0,-0.8733624454148492,43.770440304983175,1.0119607736596588
2026-09-29,026890,026890,8010,8020,7860,7970,24283,0.0037783375314861534,0.05562913907284761,-0.059031877213695405,0.6681855829529164,0.6875,0.9267441860465117,36.87150837988827,193535510,0.020075282308657464,0.017360224661730816,-0.02698083262116957,0.00881612090680095,0.021295399769573724,0.47967939913097485,0.06482962432265182,7970,8767.0,9564.0,0.37783375314861534,47.96793991309748,6.482962432265182
2026-09-29,017940,017940,93800,93800,90500,91600,5131,-0.011866235167206085,-0.03477344573234986,-0.06243602865916065,0.5903163271762952,0.3333333333333333,0.9178356713426854,27.48091603053436,469999600,0.036026200873362446,-0.01037165082108904,-0.047470493422762994,0.011866235167206085,0.010458709981231985,0.45179654668742936,0.036285668502735756,91600,100760.00000000001,109920.0,-1.1866235167206085,45.179654668742934,3.6285668502735757
2026-09-29,090435,090435,42800,44950,41750,43100,35179,0.020118343195266286,0.01650943396226423,-0.07905982905982911,0.9992997885162476,0.421875,0.9112050739957717,40.21739130434783,1516214900,0.07424593967517401,0.011974641934726415,-0.028184892897407,0.013017751479289963,0.01780491252318466,0.5068101284123936,0.10207030280054238,43100,47410.00000000001,51720.0,2.0118343195266286,50.68101284123936,10.207030280054239
2026-09-29,000990,000990,125900,141900,125800,141900,1038657,0.1297770700636942,0.12708498808578228,0.5111821086261981,1.4742967152424986,1.0,1.0,75.84905660377359,147385428300,0.11346018322762509,0.07126679752378084,0.25336748664046294,0.0023885350318471055,0.05474225144094925,0.40607881994624623,0.21480547120441412,141900,156090.0,170280.0,12.977707006369421,40.60788199462462,21.48054712044141
2026-09-29,105840,105840,13570,13580,13150,13440,156652,-0.008849557522123908,-0.12783906554185598,-0.04409672830725464,0.3668372580593983,0.6744186046511628,0.8235294117647058,47.748976807639835,2105402880,0.031994047619047616,-0.04477611940298509,-0.05171805545756014,0.0007374631268437515,0.04162750199064829,0.4625344040928894,0.1588590731918132,13440,14784.000000000002,16128.0,-0.8849557522123908,46.253440409288935,15.88590731918132
2026-09-29,085620,085620,19310,19370,18800,19090,85207,-0.018508997429305896,-0.015979381443299023,-0.17715517241379308,0.50512733261325,0.5087719298245614,0.8264069264069264,41.463414634146346,1626601630,0.029858564693556838,-0.020020533880903524,-0.04310776942355887,-0.007197943444730126,0.0343414611237465,0.43838234323498826,0.11277951540164964,19090,20999.0,22908.0,-1.8508997429305896,43.838234323498824,11.277951540164963
2026-09-29,001750,001750,19160,19390,19120,19390,3333,0.004663212435233266,0.00937011972930768,-0.02021222839818093,0.44272355347749853,1.0,0.9778113968734241,44.08602150537634,64626870,0.013924703455389376,0.0045591130452802275,0.0010066854237114065,-0.007253886010362698,0.0066249655330212565,0.393540461315553,0.00844061777449288,19390,21329.0,23268.0,0.4663212435233266,39.3540461315553,0.844061777449288
2026-09-29,000490,000490,7620,7670,7450,7540,67493,-0.01822916666666663,-0.0394904458598726,-0.04797979797979801,0.32501200261384905,0.4090909090909091,0.8777648428405123,26.400000000000006,508897220,0.029177718832891247,-0.013863458017263963,-0.05175124190404323,-0.0078125,0.02103646548928707,0.44500491178628393,0.061413812191794856,7540,8294.0,9048.0,-1.822916666666663,44.500491178628394,6.141381219179485
2026-09-29,002710,002710,11480,11480,11170,11250,65770,-0.0234375,-0.007060900264783787,-0.013157894736842146,0.23008092012777764,0.25806451612903225,0.8169934640522876,52.29759299781181,739912500,0.027555555555555555,-0.020717270194986037,-0.021951749619647853,-0.00347222222222221,0.04065160622739111,0.45878297656478106,0.08907155866377485,11250,12375.000000000002,13500.0,-2.34375,45.878297656478104,8.907155866377485
2026-09-29,316140,316140,36250,36500,35750,36250,1525108,0.0013812154696133394,0.0027662517289073207,0.06932153392330376,0.4659582057449342,0.6666666666666666,0.9784075573549258,64.96350364963504,55285165000,0.020689655172413793,0.00554785020804438,0.030195381882770933,0.0013812154696133394,0.020376227622715654,0.4433486344728049,0.034346675803634444,36250,39875.0,43500.0,0.13812154696133394,44.33486344728049,3.4346675803634446
2026-09-29,002320,002320,14570,15290,14570,15150,59475,0.027118644067796627,0.04916897506925211,0.004641909814323553,1.8446150267504071,0.8055555555555556,0.946875,55.769230769230774,901046250,0.047524752475247525,0.03767123287671237,0.031103246443884736,-0.012203389830508504,0.014652344801354049,0.43538858979453304,0.10864809676817189,15150,16665.0,18180.0,2.7118644067796627,43.5388589794533,10.864809676817188
2026-09-29,069260,069260,16370,16430,16100,16120,72387,-0.014669926650366705,-0.005552128315854388,-0.016473459426479597,1.457135610415962,0.06060606060606061,0.876563349646547,40.116279069767444,1166878440,0.020471464019851116,-0.006287757366539304,-0.014398826082969052,0.0006112469437653534,0.0094108487402447,0.49534179643755033,0.11650349145269046,16120,17732.0,19344.0,-1.4669926650366705,49.53417964375503,11.650349145269045
2026-09-29,003570,003570,29150,36200,27700,30700,782364,0.04067796610169494,0.08480565371024729,0.0016313213703098572,9.175051717586793,0.35294117647058826,0.8480662983425414,57.692307692307686,24018574800,0.2768729641693811,0.08365690081186017,0.07994019875120917,-0.011864406779661052,0.036494110858252944,0.39250757872631226,0.21504848858298092,30700,33770.0,36840.0,4.067796610169494,39.250757872631226,21.504848858298093
2026-09-29,139130,139130,18890,18900,18420,18690,317084,-0.0005347593582887278,0.027487630566245258,0.0314569536423841,0.7763818169597915,0.5625,0.9584615384615385,50.66666666666667,5926299960,0.025682182985553772,0.02086519554293198,0.012294859990250817,0.010160427807486716,0.02061124132120843,0.4421103523874581,0.0643887523788842,18690,20559.0,22428.0,-0.05347593582887278,44.21103523874581,6.4388752378884195
2026-09-29,072710,072710,90000,93700,88900,89700,2492,0.0,-0.006644518272425293,-0.056782334384858024,1.1221939522211966,0.16666666666666666,0.9392670157068063,22.85714285714286,223532400,0.05351170568561873,0.00022301516503131502,-0.026745510768729996,0.0033444816053511683,0.0065268793601351485,0.48211110815420033,0.01761883134393342,89700,98670.00000000001,107640.0,0.0,48.211110815420035,1.761883134393342
2026-09-29,092200,092200,5590,5600,5300,5440,173931,-0.02333931777378817,-0.08108108108108103,-0.1081967213114754,0.7946202058882786,0.4666666666666667,0.8634920634920635,40.70351758793969,946184640,0.05514705882352941,-0.029611130931145202,-0.04014115571239518,0.0035906642728904536,0.030925029312439654,0.47648682034114087,0.12428136957025661,5440,5984.000000000001,6528.0,-2.333931777378817,47.64868203411409,12.42813695702566
2026-09-29,000155,000155,481000,492000,461000,476000,7360,-0.004184100418409997,0.010615711252653925,0.08181818181818179,0.8154130798462237,0.4838709677419355,0.9351669941060904,65.8703071672355,3503360000,0.06512605042016807,-0.013266998341625258,0.07026419336706025,0.006276150627614996,0.03430411549107949,0.4458709029613874,0.09544973265123377,476000,523600.00000000006,571200.0,-0.4184100418409997,44.58709029613874,9.544973265123376
2026-09-29,001060,001060,26700,26800,26100,26400,28039,-0.014925373134328401,-0.053763440860215006,-0.03649635036496346,0.45284377947465665,0.42857142857142855,0.8770764119601329,40.90909090909091,740229600,0.026515151515151516,-0.011235955056179803,-0.03128153380423815,-0.003731343283582045,0.019051779076043805,0.45054180362470775,0.08523165726780435,26400,29040.000000000004,31680.0,-1.4925373134328401,45.054180362470774,8.523165726780435
2026-09-29,009420,009420,43500,43950,42700,43200,231383,0.002320185614849146,-0.09812108559498955,-0.3312693498452013,0.8826096343499984,0.4,0.7081967213114754,9.000000000000014,9995745600,0.028935185185185185,-0.045303867403314935,-0.14679306769367506,0.009280742459396807,0.029764175795648048,0.5175091605000799,0.23408428009335794,43200,47520.00000000001,51840.0,0.23201856148491462,51.75091605000799,23.408428009335793
2026-09-29,004170,신세계,341000,346000,332500,339500,69592,-0.010204081632653073,-0.06730769230769229,-0.16276202219482117,0.8419799450230361,0.5185185185185185,0.768969422423556,17.241379310344826,23626484000,0.039764359351988215,-0.029167858164140692,-0.09857285097909063,-0.005830903790087438,0.033264626828594775,0.47738122937982236,0.16109142000223514,339500,373450.00000000006,407400.0,-1.0204081632653073,47.73812293798223,16.109142000223514
2026-09-29,071050,071050,181000,181400,174600,178700,183812,-0.016510731975784232,-0.023497267759562845,-0.06586513329848409,1.1170277576645558,0.6029411764705882,0.9122001020929046,25.403225806451616,32847204400,0.038052602126468944,-0.02605188576411599,-0.0503520658961073,-0.0038525041276830096,0.012524144073856025,0.440997236419948,0.04450436759060811,178700,196570.00000000003,214440.0,-1.6510731975784232,44.0997236419948,4.4504367590608105
2026-09-29,005300,005300,96700,96800,95000,95500,9021,-0.00520833333333337,0.009513742071881603,-0.04116465863453811,0.7267176064478968,0.2777777777777778,0.955,26.470588235294116,861505500,0.018848167539267015,0.0010482180293500676,-0.014397027710408183,0.007291666666666696,0.006593956526712515,0.46879026485377856,0.010569063440361999,95500,105050.00000000001,114600.0,-0.520833333333337,46.87902648537786,1.0569063440361999
2026-09-29,002900,002900,6690,6690,6390,6450,165333,-0.03731343283582089,-0.05425219941348969,-0.06113537117903933,0.8692787845775611,0.2,0.8520475561426685,27.131782945736433,1066397850,0.046511627906976744,-0.02509068923821045,-0.061886408261217385,-0.0014925373134327957,0.025548849885902326,0.479119136116841,0.11911574698427149,6450,7095.000000000001,7740.0,-3.731343283582089,47.9119136116841,11.911574698427149
2026-09-29,005440,005440,12880,12890,12520,12710,447620,-0.006254886630179812,0.0031570639305444903,0.07166947723440131,1.4638236531036841,0.5135135135135135,0.9117647058823529,59.390862944162436,5689250200,0.029110936270653028,-0.02290897908979095,-0.0018063300086389456,0.0070367474589523304,0.024318713995030085,0.43731976998257366,0.12645971861478292,12710,13981.000000000002,15252.0,-0.6254886630179812,43.731976998257366,12.645971861478293
2026-09-29,034730,034730,582000,587000,570000,587000,106914,0.01909722222222232,0.06727272727272737,0.08103130755064458,0.8089164360283092,1.0,0.9347133757961783,43.61702127659574,62758518000,0.028960817717206135,-0.00034059945504083533,0.020514603616133442,0.01041666666666674,0.03896228424179937,0.4067217410984078,0.09781072558773145,587000,645700.0,704400.0,1.909722222222232,40.67217410984078,9.781072558773145
2026-09-29,192400,192400,27150,27550,27150,27450,9221,0.0,0.01855287569573294,-0.02659574468085102,0.8321601328423941,0.75,0.9682539682539683,47.05882352941176,253116450,0.014571948998178506,0.009933774834437026,0.0005467468562054822,-0.010928961748633892,0.010174905827869668,0.4150518299754465,0.0237718330282837,27450,30195.000000000004,32940.0,0.0,41.50518299754465,2.37718330282837
2026-09-29,000240,000240,25300,25400,24550,24850,43013,-0.011928429423459286,0.004040404040404066,0.004040404040404066,0.6361467664671545,0.35294117647058826,0.9783464566929134,53.260869565217384,1068873050,0.03420523138832998,0.0032297133629390906,0.012116892373485344,0.005964214711729587,0.015330365391369729,0.4529019934455174,0.026178117929001276,24850,27335.000000000004,29820.0,-1.1928429423459286,45.29019934455174,2.6178117929001274
2026-09-29,005500,005500,18860,18950,18580,18840,23155,0.012358946802794257,0.02003248511099076,0.022246337493217583,1.0369945743082412,0.7027027027027027,0.9424712356178089,52.23880597014925,436240200,0.019639065817409766,0.01453957996768973,0.012358946802794257,0.013433637829124212,0.0075850396309050765,0.46054147666635686,0.07703050188884765,18840,20724.0,22608.0,1.2358946802794257,46.054147666635686,7.703050188884765
2026-09-29,035510,035510,15510,15660,15200,15280,85016,-0.02488832163369492,-0.03474415666456099,0.1411501120238985,0.38801691526643645,0.17391304347826086,0.8632768361581921,61.79966044142614,1299044480,0.030104712041884817,-0.01837337787485549,0.016701044647015717,-0.0102105934907466,0.03606608602645395,0.4681441963993789,0.15300005496654975,15280,16808.0,18336.0,-2.488832163369492,46.81441963993789,15.300005496654975
2026-09-29,010580,010580,2650,2690,2405,2460,1669881,-0.07344632768361581,-0.016000000000000014,0.4318975552968569,0.3224183501088582,0.19298245614035087,0.803921568627451,66.65213600697471,4107907260,0.11585365853658537,-0.07588279489105931,0.0686823928059428,-0.0018832391713747842,0.08952633660056437,0.43495165340751873,0.22891284111565005,2460,2706.0,2952.0,-7.344632768361581,43.495165340751875,22.891284111565007
2026-09-29,003280,003280,1836,1850,1791,1792,2424507,-0.02977801840822958,-0.00830105146651905,0.041860465116279055,0.2174941109569041,0.01694915254237288,0.8145454545454546,56.03644646924829,4344716544,0.032924107142857144,-0.006541745204568072,0.005809221788791286,-0.005955603681645938,0.02369466505536648,0.4692882816984807,0.0908228779828291,1792,1971.2000000000003,2150.4,-2.977801840822958,46.92882816984807,9.08228779828291
2026-09-29,005850,005850,50200,50400,48900,49650,51406,-0.012922465208747513,-0.014880952380952328,-0.0524809160305344,0.7713620979800625,0.5,0.9177449168207024,38.21989528795812,2552307900,0.030211480362537766,0.004044489383215444,-0.0227820695763421,-0.001988071570576566,0.019376277748259955,0.44503399116512155,0.05630600259082765,49650,54615.00000000001,59580.0,-1.2922465208747513,44.503399116512156,5.630600259082765
2026-09-29,181710,181710,56500,56500,54000,54900,138366,-0.01258992805755399,-0.041884816753926746,-0.21233859397417498,0.6734025087000503,0.36,0.7271523178807947,20.446096654275095,7596293400,0.04553734061930783,-0.018942101501072228,-0.09353587055229917,0.01618705035971213,0.05020520869295645,0.4738222613716994,0.13884027451608322,54900,60390.00000000001,65880.0,-1.258992805755399,47.382226137169944,13.884027451608322
2026-09-29,180640,180640,140800,140800,132800,135800,69093,-0.03207412687099076,-0.02442528735632188,0.03427265803503432,0.811817309675058,0.375,0.880674448767834,29.206349206349202,9382829400,0.05891016200294551,-0.025964710945345026,-0.02572012770384191,0.0035637918745545782,0.03394785581753477,0.4514039499436754,0.11024187081213378,135800,149380.0,162960.0,-3.207412687099076,45.14039499436754,11.024187081213379
2026-09-29,381970,381970,6390,6500,6210,6320,90174,-0.030674846625766916,-0.026194144838212585,-0.01404056162246492,1.3416104711496617,0.3793103448275862,0.9461077844311377,51.0948905109489,569899680,0.04588607594936709,-0.009093759799310153,-0.014885823396461717,-0.019938650306748462,0.018204226322948623,0.45806534684402994,0.08636988356209323,6320,6952.000000000001,7584.0,-3.0674846625766916,45.806534684403,8.636988356209322
2026-09-29,001450,001450,49050,50700,48750,49850,475817,0.025720164609053464,0.029958677685950397,-0.048664122137404564,1.0415027748337442,0.5641025641025641,0.9113345521023766,45.660377358490564,23719477450,0.03911735205616851,0.029745920264408143,-0.004194966040751091,0.0092592592592593,0.025379891406127786,0.47918862286984737,0.10452250400507695,49850,54835.00000000001,59820.0,2.5720164609053464,47.918862286984734,10.452250400507696
2026-09-29,093370,093370,13980,14190,13610,14170,1789418,0.013590844062947083,-0.02745367192862047,0.1317891373801916,0.5093257274334383,0.9655172413793104,0.9195327709279688,67.30245231607628,25356053060,0.040931545518701484,0.017521183397960716,0.045100859239591395,0.0,0.027767997214696298,0.42430636932948423,0.10457475686624988,14170,15587.000000000002,17004.0,1.3590844062947083,42.430636932948424,10.457475686624988
2026-09-29,267250,267250,210000,210000,200000,203000,116612,-0.033333333333333326,-0.04245283018867929,-0.06880733944954132,0.7133521685417762,0.3,0.7777777777777778,26.03550295857987,23672236000,0.04926108374384237,-0.023569023569023573,-0.09827873403664633,0.0,0.041309417394093106,0.46871649311531005,0.14846920557454218,203000,223300.00000000003,243600.0,-3.3333333333333326,46.871649311531,14.846920557454219
2026-09-29,100250,100250,3070,3095,3020,3070,17347,-0.006472491909385147,-0.012861736334405127,-0.02848101265822789,0.5147653406570254,0.6666666666666666,0.959375,20.0,53255290,0.024429967426710098,-0.0022749431264218467,-0.019169329073482455,-0.006472491909385147,0.003967224619278314,0.37698643688010436,0.0063925179558767765,3070,3377.0000000000005,3684.0,-0.6472491909385147,37.698643688010435,0.6392517955876776
2026-09-29,051905,051905,99400,99400,94300,95100,24968,-0.0295918367346939,-0.0470941883767535,-0.1416967509025271,2.113630495604363,0.1568627450980392,0.844582593250444,25.742574257425744,2374456800,0.05362776025236593,-0.029789838808406466,-0.08288731375669034,0.014285714285714235,0.016945124880091464,0.4951133556523904,0.11820759300838002,95100,104610.00000000001,114120.0,-2.95918367346939,49.51133556523904,11.820759300838002
2026-09-29,011170,011170,62300,62300,57000,60400,137673,-0.03205128205128205,-0.05031446540880502,0.015126050420168013,0.6563935472013056,0.6415094339622641,0.84593837535014,53.278688524590166,8315449200,0.08774834437086093,-0.027375201288244777,-0.029173029012296126,-0.0016025641025640969,0.048914327609659934,0.4638123244050408,0.16976615015530566,60400,66440.0,72480.0,-3.205128205128205,46.38123244050408,16.976615015530566
2026-09-29,005387,005387,180200,180200,174600,178000,120266,-0.011660188784008874,0.026528258362168433,-0.07484407484407485,1.077460201989072,0.6071428571428571,0.9232365145228216,32.727272727272734,21407348000,0.03146067415730337,0.004287971112615585,-0.013795778159454763,0.0005552470849528035,0.01776078916569614,0.45459235360851263,0.05155618882002929,178000,195800.00000000003,213600.0,-1.1660188784008874,45.45923536085127,5.155618882002929
2026-09-29,241560,두산밥캣,58200,58300,54100,55700,226804,-0.044596912521440824,-0.062289562289562284,-0.11727416798732171,1.407110186013832,0.38095238095238093,0.8516819571865444,18.75,12632982800,0.07540394973070018,-0.03633217993079585,-0.08305210305374933,-0.0017152658662092923,0.01931585189817318,0.48035490806903225,0.14664020136900474,55700,61270.00000000001,66840.0,-4.459691252144083,48.035490806903226,14.664020136900474
2026-09-29,950210,950210,6170,6340,5780,6000,29697,-0.019607843137254943,0.0,-0.06687402799377917,0.8370091234755452,0.39285714285714285,0.8571428571428571,34.69387755102041,178182000,0.09333333333333334,0.002673796791443861,-0.03722721437740695,0.008169934640522847,0.020223468797227535,0.4636979616866153,0.11351962264199936,6000,6600.000000000001,7200.0,-1.9607843137254943,46.36979616866153,11.351962264199935
2026-09-29,003030,003030,108500,111200,104000,109900,32021,0.01948051948051943,0.0027372262773721623,0.06286266924564798,1.8936020484799028,0.8194444444444444,0.9883093525179856,58.8,3519107900,0.06551410373066424,0.026718983557548537,0.042002465155968505,0.006493506493506551,0.02428763598368856,0.4233848354017601,0.05668889276535508,109900,120890.00000000001,131880.0,1.9480519480519431,42.33848354017601,5.668889276535508
2026-09-29,016360,016360,88700,88800,87000,88300,262559,-0.005630630630630629,0.031542056074766345,-0.002259887005649719,0.941733767306298,0.7222222222222222,0.9494623655913978,52.30769230769231,23183959700,0.020385050962627407,-0.011862130707251617,0.009431266076021627,-0.0011261261261261701,0.015354003741503232,0.4368994034008396,0.08212877379588843,88300,97130.00000000001,105960.0,-0.5630630630630629,43.68994034008396,8.212877379588843
2026-09-29,103590,103590,81300,84000,80100,82300,439159,0.0012165450121655041,0.08432147562582348,0.1336088154269972,1.2625459609491312,0.5641025641025641,0.9797619047619047,70.38327526132404,36142785700,0.04738760631834751,0.03495975855130795,0.13407744246934006,-0.010948905109489093,0.0341968182396879,0.45535796903943254,0.11190204279425087,82300,90530.00000000001,98760.0,0.12165450121655041,45.53579690394326,11.190204279425087
2026-09-29,443060,443060,243500,243500,230500,236500,60544,-0.024742268041237137,-0.030737704918032738,0.07013574660633481,0.5267324734258665,0.46153846153846156,0.9311023622047244,63.24324324324324,14318656000,0.05496828752642706,-0.011287625418060165,0.04646017699115035,0.004123711340206171,0.037946642496649634,0.44380725160582324,0.11126290978821009,236500,260150.00000000003,283800.0,-2.4742268041237137,44.38072516058232,11.12629097882101
2026-09-29,026960,026960,25700,25950,25500,25650,56318,0.001953125,0.00391389432485334,-0.019120458891013437,1.128738251495902,0.3333333333333333,0.9808795411089866,53.33333333333333,1444556700,0.017543859649122806,0.005094043887147404,0.002736512900703758,0.00390625,0.008804622259489017,0.4847338018119843,0.026171768084007067,25650,28215.000000000004,30780.0,0.1953125,48.47338018119843,2.6171768084007065
2026-09-29,005810,005810,37100,37100,36350,37000,11839,-0.0013495276653171517,-0.015957446808510634,-0.043927648578811374,0.9718078054906854,0.8666666666666667,0.9560723514211886,39.39393939393939,438043000,0.02027027027027027,-0.00591080064481464,-0.010232060456095815,0.0013495276653170407,0.011747882829182965,0.3839216413565846,0.020342496091274583,37000,40700.0,44400.0,-0.13495276653171517,38.392164135658454,2.0342496091274582
2026-09-29,035420,035420,196600,197200,193200,194900,564086,-0.00713194090677538,-0.013164556962025342,-0.11609977324263043,0.8756562831061903,0.425,0.8879271070615035,17.647058823529406,109940361400,0.02052334530528476,-0.012264342185282828,-0.05252667655137211,0.0015282730514518672,0.01527097149320959,0.45695795095289266,0.045318939075899435,194900,214390.00000000003,233880.0,-0.713194090677538,45.69579509528926,4.531893907589944
2026-09-29,373220,373220,359000,359000,348500,353500,257123,-0.01941747572815533,-0.02751031636863821,-0.04459459459459458,0.8276101587060438,0.47619047619047616,0.91343669250646,45.63106796116505,90892980500,0.0297029702970297,-0.00338314068226675,-0.019213428591246418,-0.004160887656033285,0.029865925574541284,0.44571478066513043,0.08945833003326151,353500,388850.00000000006,424200.0,-1.9417475728155331,44.571478066513045,8.94583300332615
2026-09-29,0120G0,0120G0,47100,47100,44550,45750,35209,-0.03072033898305082,-0.058641975308642014,-0.16514598540145986,0.7849051388113287,0.47058823529411764,0.792894280762565,35.96214511041009,1610811750,0.05573770491803279,-0.02285348141819732,-0.06765844711636437,-0.0021186440677966045,0.03072565064871991,0.4787580084225259,0.19358987324785615,45750,50325.00000000001,54900.0,-3.072033898305082,47.875800842252595,19.358987324785616
2026-09-29,096760,096760,4315,4380,4280,4330,36165,-0.006880733944954143,-0.009153318077803174,0.04589371980676327,0.48562886352909107,0.5,0.9454148471615721,72.05882352941177,156594450,0.023094688221709007,-0.0036815462494247386,0.015776200809336727,-0.010321100917431214,0.008003833855499375,0.4425279070795901,0.051834950878432845,4330,4763.0,5196.0,-0.6880733944954143,44.25279070795901,5.183495087843284
2026-09-29,001270,001270,50600,51400,50000,50800,1628,0.0,-0.0039215686274509665,-0.08468468468468471,0.2511260566421916,0.5714285714285714,0.8943661971830986,36.170212765957444,82702400,0.027559055118110236,-0.002748331370239443,-0.013879452586625263,-0.003937007874015741,0.01367008848292191,0.4255471452922575,0.039884515759338934,50800,55880.00000000001,60960.0,0.0,42.55471452922575,3.9884515759338934
2026-09-29,044450,044450,12410,12570,12180,12380,181312,0.006504065040650486,0.22817460317460325,0.23061630218687879,1.3005195637056401,0.5128205128205128,0.9786561264822135,83.6923076923077,2244642560,0.03150242326332795,0.06834656541249573,0.18406580268758077,0.008943089430894391,0.03722249092992583,0.4765894891043907,0.1782538799914368,12380,13618.000000000002,14856.0,0.6504065040650486,47.65894891043907,17.82538799914368
2026-09-29,042700,042700,235000,252000,235000,252000,743880,0.0815450643776825,0.07234042553191489,0.14806378132118447,1.137438236429446,1.0,0.9473684210526315,56.57142857142858,187457760000,0.06746031746031746,0.04347826086956519,0.08224178655786996,0.008583690987124415,0.039217501694486484,0.4009668724434795,0.1577142568478762,252000,277200.0,302400.0,8.15450643776825,40.09668724434795,15.771425684787621
2026-09-29,004710,한솔테크닉스,10550,11480,10520,11140,1386025,0.05193578847969782,0.11177644710578849,0.6454948301329395,1.2330642437124422,0.6458333333333334,0.9686956521739131,76.40750670241287,15440318500,0.08617594254937164,0.08704137392661981,0.23715919817868847,-0.0037771482530689626,0.04979392440456349,0.46791630441896154,0.2369947269872859,11140,12254.000000000002,13368.0,5.193578847969782,46.79163044189615,23.69947269872859
2026-09-29,134380,134380,10130,10150,10050,10150,2445,0.010956175298804771,-0.02777777777777779,-0.03425309229305429,0.34460887949260044,1.0,0.9329044117647058,45.270270270270274,24816750,0.009852216748768473,0.006744693513191846,-0.0068979012768455306,0.008964143426294813,0.012951312934764064,0.39931568606134943,0.03294095241692343,10150,11165.0,12180.0,1.0956175298804771,39.931568606134945,3.294095241692343
2026-09-29,090460,090460,20050,20850,20000,20850,440171,0.03473945409429291,0.024570024570024662,0.2192982456140351,0.30740086306278375,1.0,0.9065217391304348,47.20812182741117,9177565350,0.0407673860911271,0.03248489650391195,0.040367247143356044,-0.00496277915632759,0.06701834844179723,0.4079476136755952,0.12551537195521315,20850,22935.000000000004,25020.0,3.473945409429291,40.794761367559516,12.551537195521314
2026-09-29,008930,008930,52100,53000,50000,51900,80128,-0.0019230769230769162,0.06134969325153383,0.16629213483146077,0.26610625652579367,0.6333333333333333,0.8508196721311475,44.67592592592593,4158643200,0.057803468208092484,0.007375776397515521,0.013721373113921631,0.0019230769230769162,0.03896582221755873,0.4213734124920775,0.1301518616564071,51900,57090.00000000001,62280.0,-0.19230769230769162,42.13734124920775,13.01518616564071
2026-09-29,004000,004000,44150,44150,42750,43250,41298,-0.017045454545454586,-0.03135498320268759,-0.10548086866597728,0.8000860182556312,0.35714285714285715,0.8817533129459735,31.654676258992808,1786138500,0.03236994219653179,-0.0123315825530943,-0.04793352044466459,0.003409090909090917,0.013628530087254157,0.4629997449219813,0.08019975056555244,43250,47575.00000000001,51900.0,-1.7045454545454586,46.29997449219813,8.019975056555245
2026-09-29,281820,281820,84400,88900,84000,88800,135924,0.06859205776173294,0.21145975443383347,0.33133433283358316,0.6906717845606472,0.9795918367346939,0.9988751406074241,70.2991452991453,12070051200,0.05518018018018018,0.059665871121718395,0.2300872697049452,0.01564380264741283,0.049477651065411056,0.4047559382104272,0.22075292842004215,88800,97680.00000000001,106560.0,6.859205776173294,40.47559382104272,22.075292842004217
2026-09-29,004800,004800,158200,159000,155500,159000,7544,0.005056890012642201,-0.00996264009962644,-0.07342657342657344,0.3357529741108821,1.0,0.8872767857142857,35.98901098901099,1199496000,0.0220125786163522,-0.017305315203955507,-0.018881895594224374,0.0,0.02990967358801756,0.3905724219941022,0.035342138392157975,159000,174900.0,190800.0,0.5056890012642201,39.05724219941022,3.5342138392157976
2026-09-29,307950,307950,372500,376000,361500,371000,44855,-0.009345794392523366,0.00952380952380949,-0.10817307692307687,0.9393756623064389,0.6551724137931034,0.8781065088757396,35.64814814814815,16641205000,0.03908355795148248,-0.010666666666666713,-0.0329727616316956,-0.005340453938584733,0.027981158113146436,0.4447451011936089,0.09377867603770913,371000,408100.00000000006,445200.0,-0.9345794392523366,44.474510119360886,9.377867603770913
2026-09-29,192650,드림텍,7990,8430,7900,8230,1323129,0.03262233375156831,0.07581699346405224,0.33821138211382107,1.0970012295082139,0.6226415094339622,0.9470655926352128,74.86033519553072,10889351670,0.06439854191980558,-0.005558240695988426,0.18528119824296096,0.0025094102885820924,0.04109937869392246,0.4551907669497104,0.20273557324497563,8230,9053.0,9876.0,3.262233375156831,45.51907669497104,20.273557324497563
2026-09-29,014830,014830,61600,61600,59700,60500,10454,-0.016260162601625994,-0.011437908496731986,-0.09022556390977443,0.9040124524386025,0.42105263157894735,0.8989598811292719,27.956989247311824,632467000,0.03140495867768595,-0.0009907529722589237,-0.03639404316317596,0.001626016260162677,0.014735971758679916,0.45783445400011114,0.05752716151214368,60500,66550.0,72600.0,-1.6260162601625994,45.78344540001111,5.7527161512143685
2026-09-29,004310,현대약품,8810,9170,8440,8570,2800879,-0.018327605956471982,-0.14300000000000002,0.39123376623376616,0.27081212697849205,0.1780821917808219,0.7293617021276596,51.4018691588785,24003533030,0.08518086347724621,-0.03403967538322816,-0.05684256864579318,0.009163802978235935,0.09367770034684147,0.4474066518333198,0.20413076137212033,8570,9427.0,10284.0,-1.8327605956471982,44.74066518333198,20.413076137212034
2026-09-29,005430,005430,87900,89200,86100,87800,2512,0.00572737686139746,0.10025062656641603,0.05528846153846145,0.4728159085989629,0.5483870967741935,0.984304932735426,76.87074829931973,220553600,0.03530751708428246,0.04201281746973651,0.08676816437677926,0.0068728522336769515,0.021124571218115826,0.4669859363666338,0.07296025180113482,87800,96580.00000000001,105360.0,0.572737686139746,46.69859363666338,7.296025180113482
2026-09-29,200880,200880,10940,10950,10760,10860,30628,-0.009124087591240837,-0.026881720430107503,-0.1076417419884963,1.12137898714156,0.5263157894736842,0.8822095857026807,30.72625698324022,332620080,0.017495395948434623,-0.004400440044004417,-0.038895526350723464,-0.0018248175182481452,0.014947755010124002,0.443643051006683,0.06935587690430794,10860,11946.000000000002,13032.0,-0.9124087591240837,44.3643051006683,6.935587690430794
2026-09-29,016800,016800,24550,24900,23650,24000,818,-0.022403258655804503,-0.07156673114119927,-0.14438502673796794,1.000795252951612,0.28,0.8391608391608392,17.525773195876283,19632000,0.052083333333333336,-0.021606196494088903,-0.09408323110314243,0.0,0.013613715466069175,0.4808763185974472,0.11774838743680595,24000,26400.000000000004,28800.0,-2.2403258655804503,48.087631859744725,11.774838743680595
2026-09-29,003850,003850,8200,8290,8180,8250,32291,0.0036496350364962904,-0.008413461538461564,-0.09040793825799343,0.25381706165346984,0.6363636363636364,0.880469583778015,37.11340206185568,266400750,0.013333333333333334,-0.0016940948693127122,-0.05303030303030298,-0.0024330900243308973,0.020570828861214075,0.4572761115339808,0.054661206974225045,8250,9075.0,9900.0,0.36496350364962904,45.72761115339808,5.466120697422505
2026-09-29,361610,361610,18000,18010,16680,17050,392651,-0.0672866520787746,0.07232704402515733,0.02218225419664277,0.664970360078035,0.2781954887218045,0.891270256142185,53.481012658227854,6694699550,0.0780058651026393,0.002115904549194747,0.03298900366544477,-0.015317286652078765,0.04294742828868944,0.4449555325549008,0.17131073495848387,17050,18755.0,20460.0,-6.7286652078774605,44.49555325549008,17.131073495848387
2026-09-29,032640,032640,14810,14840,14570,14760,674529,-0.0013531799729363803,0.04016913319238902,-0.017310252996005304,0.7559059406553619,0.7037037037037037,0.96913985554826,41.53846153846154,9956048040,0.018292682926829267,0.0073710073710073765,-0.0020283975659228792,0.002029769959404515,0.013702336026485374,0.4361238310472093,0.029874287190238356,14760,16236.000000000002,17712.0,-0.13531799729363803,43.612383104720934,2.9874287190238356
2026-09-29,004690,004690,132300,132300,129000,130700,4971,-0.0053272450532724225,-0.006838905775075954,-0.012839879154078582,0.7964367825299805,0.5151515151515151,0.944364161849711,41.81818181818182,649709700,0.0252486610558531,-0.00015299877600982725,-0.020570272396867595,0.006849315068493178,0.011492379763349929,0.436170911129178,0.03695555289294998,130700,143770.0,156840.0,-0.5327245053272422,43.6170911129178,3.695555289294998
2026-09-29,006040,006040,36050,36050,35300,35500,22662,-0.01388888888888884,-0.006993006993006978,-0.08150064683053038,0.6808022302867168,0.26666666666666666,0.9161290322580645,30.17241379310346,804501000,0.02112676056338028,0.0014104372355430161,-0.03911219380159692,0.001388888888888884,0.01162154442602831,0.47019500812950893,0.03798195730262068,35500,39050.0,42600.0,-1.388888888888884,47.019500812950895,3.7981957302620684
2026-09-29,005880,005880,2070,2090,2020,2045,691743,-0.009685230024213065,0.004914004914004844,-0.0532407407407407,0.49488310374364347,0.35714285714285715,0.9337899543378996,40.1685393258427,1414614435,0.034229828850855744,0.00471651763781078,-0.008893304577507366,0.002421307506053294,0.01896725522693788,0.4600915752140971,0.038734553864303245,2045,2249.5,2454.0,-0.9685230024213065,46.00915752140971,3.8734553864303245
2026-09-29,088350,088350,5790,5840,5740,5790,1399872,-0.005154639175257714,-0.01697792869269954,-0.026890756302521024,0.30557364577486545,0.5,0.8839694656488549,46.95121951219512,8105258880,0.017271157167530225,0.010118632240055936,-0.012366737739872069,-0.005154639175257714,0.03055992862915391,0.4302699743147431,0.05573714573934346,5790,6369.000000000001,6948.0,-0.5154639175257714,43.026997431474314,5.573714573934346
2026-09-29,137310,137310,6100,6120,6020,6100,99850,-0.0032679738562091387,-0.0016366612111292644,-0.031746031746031744,0.6450145895388129,0.8,0.9546165884194053,44.26229508196721,609085000,0.01639344262295082,0.0,-0.006514657980456029,-0.0032679738562091387,0.01290484916341367,0.40070779312037774,0.027270587635611247,6100,6710.000000000001,7320.0,-0.32679738562091387,40.07077931203777,2.7270587635611245
2026-09-29,403550,403550,10780,10820,10620,10740,5567,-0.0037105751391465214,-0.008310249307479256,-0.04618117229129659,0.41586673140850855,0.6,0.9025210084033614,33.33333333333333,59789580,0.0186219739292365,-0.0013018411753765724,-0.017383348581884728,0.0,0.011857592728530592,0.43207198795117524,0.04164558140657136,10740,11814.000000000002,12888.0,-0.37105751391465214,43.20719879511753,4.164558140657136
2026-09-29,259960,259960,203000,203500,196000,198300,74380,-0.010972568578553665,-0.030317848410757908,-0.10876404494382019,0.9533892873806021,0.30666666666666664,0.8529032258064516,23.872679045092838,14749554000,0.037821482602118005,-0.008301660332066363,-0.05780058442021241,0.012468827930174564,0.01672789397618284,0.46119290000890756,0.0910097553920764,198300,218130.00000000003,237960.0,-1.0972568578553665,46.11929000089076,9.10097553920764
2026-09-29,005935,005935,204000,207000,199900,205000,3818208,-0.0024330900243308973,0.04113763331640419,0.09743040685224846,1.0413244751211461,0.7183098591549296,0.9234234234234234,53.24519230769231,782732640000,0.03463414634146342,-0.028896257697773597,0.03929024081115329,-0.007299270072992692,0.03561206801985838,0.4265419163628767,0.13435073373422993,205000,225500.00000000003,246000.0,-0.24330900243308973,42.65419163628767,13.435073373422993
2026-09-29,009150,009150,1525000,1560000,1493000,1550000,560023,0.039570757880617036,0.11671469740634,0.09078114004222382,0.9516253475732552,0.8507462686567164,0.9766855702583491,59.795918367346935,868035650000,0.043225806451612905,0.03845638483183711,0.09575483369269389,0.022803487592220062,0.03139389722731904,0.4458110476448067,0.15615497306286902,1550000,1705000.0000000002,1860000.0,3.9570757880617036,44.58110476448067,15.615497306286901
2026-09-29,183190,183190,10480,10480,10240,10290,23782,-0.020000000000000018,-0.04456824512534818,-0.0687782805429864,0.5016331235637003,0.20833333333333334,0.8886010362694301,31.578947368421055,244716780,0.023323615160349854,-0.01644045115656667,-0.03547827717111118,-0.0019047619047618536,0.021952183189657488,0.466427526530147,0.06453991232100101,10290,11319.000000000002,12348.0,-2.0000000000000018,46.6427526530147,6.453991232100101
2026-09-29,005680,005680,12620,12770,12560,12720,10347,0.00952380952380949,0.003946329913180779,0.034146341463414664,0.49113446983631226,0.7619047619047619,0.925764192139738,67.3202614379085,131613840,0.01650943396226415,0.005851652696504894,0.02941771537247595,0.0015873015873015817,0.009760480784539845,0.4400894248351194,0.0724850624033576,12720,13992.000000000002,15264.0,0.952380952380949,44.008942483511944,7.24850624033576
2026-09-29,475150,475150,51200,51400,49500,50300,563377,-0.02895752895752901,-0.017578125,-0.09856630824372759,0.5923121909165102,0.42105263157894735,0.9145454545454546,43.47826086956522,28337863100,0.03777335984095427,-0.011787819253438081,-0.017865859611441937,-0.01158301158301156,0.02672474548858768,0.4561328061209574,0.0978935240509825,50300,55330.00000000001,60360.0,-2.895752895752901,45.61328061209574,9.789352405098251
2026-09-29,007660,007660,112000,119100,111500,119000,596734,0.0625,0.162109375,0.054964539007092306,0.9198628099783782,0.9868421052631579,0.993322203672788,57.142857142857146,71011346000,0.06386554621848739,0.03640480752482156,0.07507453247809193,0.0,0.03828781268623626,0.39771852460757023,0.136503128782587,119000,130900.00000000001,142800.0,6.25,39.771852460757025,13.650312878258699
2026-09-29,000150,000150,1412000,1413000,1361000,1398000,72322,-0.012014134275618371,-0.035196687370600444,0.12924071082390953,0.8513864371722557,0.7115384615384616,0.9107491856677524,59.84496124031008,101106156000,0.03719599427753934,-0.03546295018628398,0.05961268806609321,-0.0021201413427561766,0.04738138051106703,0.42391742998337084,0.1279212061874056,1398000,1537800.0000000002,1677600.0,-1.201413427561837,42.39174299833709,12.79212061874056
2026-09-29,483650,483650,185500,188900,181100,188700,105771,0.030584380120152854,0.036243822075782584,-0.17598253275109166,0.664818534289183,0.9743589743589743,0.8240174672489083,51.49700598802396,19958987700,0.04133545310015898,0.02901079725160871,0.029038854805725878,0.013107591480065572,0.03648083694000142,0.4110938402169484,0.1175030292924657,188700,207570.00000000003,226440.0,3.0584380120152854,41.10938402169484,11.750302929246569
2026-09-29,047050,047050,56700,56700,53800,54700,452986,-0.038664323374341,-0.042031523642731994,0.03795066413662229,0.17120714100220652,0.3103448275862069,0.9255499153976311,50.0,24778334200,0.05301645338208409,-0.031858407079646045,-0.021379372036854805,-0.0035149384885764245,0.030778474978241897,0.4370859070154798,0.09108815075431144,54700,60170.00000000001,65640.0,-3.8664323374341003,43.708590701547976,9.108815075431144
2026-09-29,001680,001680,18370,18400,18030,18090,36258,-0.010934937124111532,0.014582164890633686,-0.0060439560439560225,0.3100882594417077,0.16216216216216217,0.9234303215926493,34.599156118143455,655907220,0.02045328911000553,0.007350484463748641,-0.01804858189713665,0.004373974849644524,0.013840539787461598,0.47824147662720917,0.030732067542105744,18090,19899.0,21708.0,-1.0934937124111532,47.82414766272092,3.0732067542105743
2026-09-29,001740,001740,6140,6250,6070,6250,509243,0.01791530944625408,-0.004777070063694322,-0.06576980568011959,0.6919024896603823,1.0,0.9314456035767511,35.632183908045974,3182768750,0.0288,0.01526965562053273,-0.01248222468004423,0.0,0.01869343692985514,0.3974312982736257,0.03572223941397518,6250,6875.000000000001,7500.0,1.791530944625408,39.74312982736257,3.5722239413975183
2026-09-29,006220,006220,9690,9740,9570,9630,52935,-0.010277492291880796,-0.010277492291880796,-0.02628918099089994,0.18478277943879234,0.35294117647058826,0.8966480446927374,37.16216216216216,509764050,0.017653167185877467,-0.0010373443983402453,-0.03279264801888215,-0.004110996916752319,0.013372852590356352,0.44335401787979845,0.04214576007863088,9630,10593.0,11556.0,-1.0277492291880796,44.33540178797985,4.214576007863088
2026-09-29,009450,009450,61000,61300,60000,60800,32546,0.0066225165562914245,0.0,-0.03949447077409163,1.1161677303857853,0.6153846153846154,0.9544740973312402,47.05882352941176,1978796800,0.02138157894736842,0.0019775873434411118,0.004792596265080107,0.009933774834437026,0.012775346588002482,0.46990985696889,0.04265390272553291,60800,66880.0,72960.0,0.6622516556291425,46.990985696889,4.265390272553291
2026-09-29,145720,145720,37000,37250,36000,36750,12164,-0.009433962264150941,-0.03034300791556732,-0.0379581151832461,1.0993917373896225,0.6,0.9447300771208226,38.793103448275865,447027000,0.034013605442176874,-0.00996767241379315,-0.016327623126338286,-0.0026954177897574594,0.013898395739004258,0.43506894653179917,0.030744193326455588,36750,40425.0,44100.0,-0.9433962264150941,43.50689465317992,3.074419332645559
2026-09-29,010140,010140,20050,20100,19160,19500,5740428,-0.032258064516129004,-0.07363420427553447,-0.08018867924528306,1.8165945309834597,0.3617021276595745,0.8666666666666667,35.15625,111938346000,0.048205128205128206,-0.03988183161004433,-0.07029964957448331,-0.00496277915632759,0.03290624007802721,0.4728866846625834,0.1372209531329495,19500,21450.0,23400.0,-3.2258064516129004,47.288668466258336,13.722095313294949
2026-09-29,00088K,00088K,40600,40600,39050,39600,11011,-0.024630541871921152,-0.03649635036496346,0.011494252873563315,0.36616734755636254,0.3548387096774194,0.9051428571428571,41.76245210727969,436035600,0.039141414141414144,-0.014189693801344272,-0.034146341463414664,0.0,0.029573249109697244,0.45236949071344823,0.09280419649876531,39600,43560.0,47520.0,-2.463054187192115,45.236949071344824,9.280419649876531
2026-09-29,285130,285130,52000,52000,50600,51200,30582,-0.009671179883945835,0.0,-0.05535055350553508,0.38517973668930827,0.42857142857142855,0.8982456140350877,34.48275862068965,1565798400,0.02734375,0.008668242710795804,-0.034144501037540076,0.005802707930367523,0.022305789920948733,0.45125960502967555,0.049723237846228986,51200,56320.00000000001,61440.0,-0.9671179883945835,45.12596050296756,4.9723237846228985
2026-09-29,475560,475560,14600,15090,14200,14380,19987,-0.015068493150684925,-0.026404874746106977,-0.11507692307692308,0.5366062547235284,0.20224719101123595,0.8590203106332138,29.885057471264375,287413060,0.061891515994436715,-0.018027861240098364,-0.04799735187024168,0.0,0.019000446467672606,0.4703764434473743,0.07873446640108035,14380,15818.000000000002,17256.0,-1.5068493150684925,47.03764434473743,7.873446640108035
2026-09-29,006110,006110,57500,58500,55300,58300,92084,-0.001712328767123239,-0.029950083194675514,-0.12985074626865667,0.5919503266738599,0.9375,0.7721854304635761,32.52032520325203,5368497200,0.0548885077186964,0.029671494171670698,-0.06921050530853357,-0.015410958904109595,0.037135036922020664,0.39041757225013535,0.105644028652176,58300,64130.00000000001,69960.0,-0.1712328767123239,39.041757225013534,10.5644028652176
2026-09-29,001440,001440,29900,30350,29200,30350,1690035,0.01675041876046901,-0.041074249605055346,0.02188552188552184,0.7001338056418266,1.0,0.9073243647234679,55.70469798657719,51292562250,0.03789126853377265,-0.012687052700065093,0.03557109954789728,0.0016750418760469454,0.04284658071213587,0.3968658132612545,0.07638847584608956,30350,33385.0,36420.0,1.675041876046901,39.68658132612545,7.638847584608956
2026-09-29,005940,005940,26100,26350,25800,26200,431336,0.009633911368015502,0.02544031311154593,-0.016885553470919357,0.9740983285208356,0.7272727272727273,0.966789667896679,39.0625,11301003200,0.02099236641221374,0.0,-0.0014292520247737306,0.005780346820809301,0.012012920697066363,0.4728763739885232,0.02095915057215188,26200,28820.000000000004,31440.0,0.9633911368015502,47.287637398852326,2.095915057215188
2026-09-29,130660,130660,12300,12300,11940,12130,144577,-0.013821138211382089,-0.06835637480798773,-0.05234375000000002,0.1981134706183939,0.5277777777777778,0.838865836791148,42.78846153846154,1753719010,0.02967848309975268,-0.03454313912766638,-0.04476906721266294,0.0,0.03100784238940328,0.4341083506383077,0.09220158678456944,12130,13343.000000000002,14556.0,-1.382113821138209,43.410835063830774,9.220158678456944
2026-09-29,002240,002240,16750,16790,16490,16660,7663,-0.005373134328358176,-0.02401874633860579,-0.05071225071225072,0.32599563098638884,0.5666666666666667,0.810705596107056,34.54545454545455,127665580,0.01800720288115246,-0.006677796327211993,-0.02370418119487827,0.0,0.009616681096212274,0.4287108796439331,0.0784818617558425,16660,18326.0,19992.0,-0.5373134328358176,42.87108796439331,7.84818617558425
2026-09-29,006405,006405,214500,214500,203000,208500,4056,-0.03023255813953485,-0.03472222222222221,-0.06502242152466364,0.8517876830997008,0.4782608695652174,0.8891257995735607,36.904761904761905,845676000,0.05515587529976019,-0.021126760563380254,-0.04104863746119347,-0.0023255813953488857,0.020567355096549642,0.45127940412674045,0.11572413734357295,208500,229350.00000000003,250200.0,-3.023255813953485,45.12794041267404,11.572413734357296
2026-09-29,028670,028670,5740,6030,5660,5700,3850180,0.0017574692442883233,-0.012131715771230511,-0.015544041450777257,1.3467692646992337,0.10810810810810811,0.9047619047619048,35.0,21946026000,0.06491228070175438,-0.0031479538300105414,-0.02263374485596703,0.008787346221441172,0.026022201240256202,0.5113568982457772,0.08888937449196531,5700,6270.000000000001,6840.0,0.17574692442883233,51.135689824577724,8.888937449196531
2026-09-29,329180,329180,437000,438500,424500,430500,195645,-0.019362186788154934,-0.06818181818181823,-0.057986870897155374,0.7200119679977506,0.42857142857142855,0.8767820773930753,44.444444444444436,84225172500,0.032520325203252036,-0.030186979049335427,-0.043545878693623585,-0.004555808656036442,0.03250921504012786,0.46011633741182195,0.12098695823969062,430500,473550.00000000006,516600.0,-1.9362186788154934,46.011633741182195,12.098695823969061
2026-09-29,011930,011930,17640,17830,17040,17770,153151,0.00395480225988698,0.04775943396226423,0.05085748078060326,1.07532340236703,0.9240506329113924,0.9605405405405405,67.66743648960738,2721493270,0.04445694991558807,0.03253922138291698,0.07190252141392217,-0.003389830508474523,0.021667155322860017,0.4155317870696543,0.0898321640679133,17770,19547.0,21324.0,0.39548022598869803,41.55317870696543,8.98321640679133
2026-09-29,317450,317450,42550,42550,41950,42250,4950,-0.003537735849056589,-0.003537735849056589,-0.08943965517241381,0.49509406787289584,0.5,0.9105603448275862,17.14285714285714,209137500,0.014201183431952662,0.000710563713879786,-0.03157412182682939,0.0035377358490567,0.006708686951939587,0.41837397824009215,0.02500553755907066,42250,46475.00000000001,50700.0,-0.3537735849056589,41.837397824009216,2.500553755907066
2026-09-29,027410,027410,3745,3795,3690,3720,40061,-0.002680965147453085,-0.004016064257028162,-0.0641509433962264,0.7749192409617579,0.2857142857142857,0.9370277078085643,17.777777777777786,149026920,0.028225806451612902,-0.0008058017727639033,-0.021889173732991485,0.004021447721179516,0.006520894106084093,0.4550141344526684,0.016774173447817602,3720,4092.0000000000005,4464.0,-0.2680965147453085,45.50141344526684,1.6774173447817602
2026-09-29,298000,298000,52600,55000,51500,54000,16586,0.015037593984962516,0.00746268656716409,-0.09243697478991597,0.7699699643936475,0.7142857142857143,0.8780487804878049,37.903225806451616,895644000,0.06481481481481481,0.026615969581748944,-0.021029731689630182,-0.011278195488721776,0.019536786232811267,0.46463982071196963,0.1063903906149263,54000,59400.00000000001,64800.0,1.5037593984962516,46.463982071196966,10.63903906149263
2026-09-29,192820,192820,270000,279000,268000,278500,59939,0.033395176252319025,0.01642335766423364,-0.08085808580858089,0.5523188980713207,0.9545454545454546,0.9086460032626428,54.285714285714285,16693011500,0.03949730700179533,0.02126879354602118,0.010155966630395419,0.0018552875695732052,0.018824101867890377,0.4297213969567953,0.07343362579448894,278500,306350.0,334200.0,3.3395176252319025,42.97213969567953,7.343362579448893
2026-09-29,001230,001230,2110,2120,2005,2040,420900,-0.033175355450236976,-0.06849315068493156,-0.0024449877750610804,0.5349050314814295,0.30434782608695654,0.816,55.44303797468354,858636000,0.056372549019607844,-0.035004730368968784,-0.015087507543753764,0.0,0.01832286645005693,0.4667876402716674,0.16694684199897517,2040,2244.0,2448.0,-3.3175355450236976,46.67876402716674,16.694684199897516
2026-09-29,377740,377740,4670,4675,4580,4655,39396,-0.002143622722400873,-0.0010729613733905241,-0.03020833333333328,1.0046527284573827,0.7894736842105263,0.9597938144329897,34.17721518987341,183388380,0.02040816326530612,0.0008600301010535105,-0.014814814814814836,0.001071811361200492,0.00768934436413992,0.39034526904887684,0.01118287889202432,4655,5120.5,5586.0,-0.2143622722400873,39.034526904887684,1.118287889202432
2026-09-29,432320,432320,1653,1654,1607,1648,315869,-0.027728613569321547,-0.06945228684359117,0.15487035739313249,0.7329821063109363,0.8723404255319149,0.9217002237136466,65.2439024390244,520552112,0.028519417475728157,-0.010804321728691502,0.03837187322789992,-0.024778761061946875,0.021866246156044624,0.46413595976998734,0.1819561649308313,1648,1812.8000000000002,1977.6,-2.7728613569321547,46.413595976998735,18.19561649308313
2026-09-29,00104K,00104K,131300,133900,128200,133900,5135,0.02448355011476666,0.0789685737308623,0.058498023715415126,0.735073077859055,1.0,1.0,58.57740585774059,687576500,0.04256908140403286,0.03477588871715609,0.04259129486880009,0.004590665646518666,0.0170930430975292,0.42510820694408136,0.08176433547893598,133900,147290.0,160680.0,2.448355011476666,42.51082069440814,8.176433547893598
2026-09-29,293940,293940,5620,5640,5540,5610,52332,0.0,0.007181328545780907,0.01814882032667886,0.5666227252179703,0.7,0.991166077738516,75.47169811320754,293582520,0.017825311942959002,0.005016123253314131,0.029452243325075678,0.0017825311942958333,0.008958319878107907,0.42012845463420895,0.011655171156396787,5610,6171.000000000001,6732.0,0.0,42.012845463420895,1.1655171156396786
2026-09-29,004360,004360,13400,13400,13180,13290,12738,-0.007468259895444307,-0.01846381093057603,-0.027798098024871987,0.8743551990774584,0.5,0.9630434782608696,36.0,169288020,0.01655379984951091,-0.0052395209580838875,-0.014094955489614258,0.0007468259895444529,0.008165777208793872,0.4329376048045863,0.012088556376592268,13290,14619.000000000002,15948.0,-0.7468259895444307,43.29376048045863,1.2088556376592268
2026-09-29,004020,현대제철,31000,31000,29500,30150,628968,-0.02741935483870972,-0.15899581589958156,-0.02741935483870972,0.8223242720311259,0.43333333333333335,0.8104838709677419,42.2680412371134,18963385200,0.04975124378109453,-0.08163265306122447,-0.0835866261398176,0.0,0.040305531062486286,0.5109546546300283,0.23154550292606876,30150,33165.0,36180.0,-2.741935483870972,51.09546546300283,23.154550292606878
2026-09-29,071055,071055,144000,144100,139800,142500,16931,-0.005582693649685999,-0.02862985685071573,-0.04554588077695909,1.5285376379033278,0.627906976744186,0.9193548387096774,17.272727272727266,2412667500,0.030175438596491227,-0.015748031496062964,-0.03654372739258305,0.00488485694347518,0.011325733938817271,0.418346211894601,0.028772702054316947,142500,156750.0,171000.0,-0.5582693649685999,41.8346211894601,2.8772702054316945
2026-09-29,017390,017390,54500,54600,53900,54200,3495,-0.0055045871559632475,-0.009140767824497242,-0.025179856115107868,0.6433502070869765,0.42857142857142855,0.9264957264957265,33.33333333333333,189429000,0.012915129151291513,-0.0055045871559632475,-0.025267511914396135,0.0,0.010407333641643111,0.4433376844812767,0.033352619190030255,54200,59620.00000000001,65040.0,-0.5504587155963248,44.33376844812767,3.3352619190030257
2026-09-29,047040,대우건설,18470,18480,17150,17640,8592388,-0.052631578947368474,-0.0725552050473186,-0.10411376333164046,1.0361568588885797,0.3684210526315789,0.828169014084507,46.25121713729308,151569724320,0.07539682539682539,-0.03448275862068961,-0.040261153427638696,-0.008055853920515554,0.05203434531163657,0.48445839704061666,0.2011971432556932,17640,19404.0,21168.0,-5.263157894736848,48.44583970406167,20.119714325569323
2026-09-29,010820,010820,6220,6410,6090,6150,447605,-0.009661835748792313,-0.0390625,0.03709949409780777,1.2325577200800715,0.1875,0.9030837004405287,58.74125874125874,2752770750,0.05203252032520325,-0.021946564885496178,0.017622238768925325,0.0016103059581320522,0.024341859557112922,0.4696568601383219,0.11161313896488378,6150,6765.000000000001,7380.0,-0.9661835748792313,46.96568601383219,11.161313896488378
2026-09-29,069960,069960,90900,91000,88100,89500,123738,-0.018640350877192957,-0.09687184661957615,-0.04175588865096358,0.9127089061367647,0.4827586206896552,0.8664085188770572,33.984375000000014,11074551000,0.03240223463687151,-0.06145134228187921,-0.07879162163553088,-0.003289473684210509,0.02584960826827307,0.46856008800535925,0.09620109102494685,89500,98450.00000000001,107400.0,-1.8640350877192957,46.856008800535925,9.620109102494686
2026-09-29,009160,009160,4785,4820,4720,4755,56747,-0.009375000000000022,0.009554140127388644,-0.10620300751879697,0.9582558315271859,0.35,0.8773062730627307,44.171779141104295,269831985,0.02103049421661409,-0.0043969849246231485,-0.019991755976916714,-0.0031250000000000444,0.01747408858091467,0.4774252108772454,0.11366460159986574,4755,5230.5,5706.0,-0.9375000000000022,47.74252108772454,11.366460159986575
2026-09-29,334890,334890,3685,3720,3610,3670,29814,-0.022636484687083902,0.006858710562414272,-0.07206068268015176,0.2935129156413716,0.5454545454545454,0.8951219512195122,55.94405594405594,109417380,0.02997275204359673,0.006030701754385914,-0.017468710260357456,-0.018641810918774926,0.023347392049505627,0.42338241407303107,0.07310894048157941,3670,4037.0000000000005,4404.0,-2.26364846870839,42.33824140730311,7.310894048157941
2026-09-29,039490,039490,256500,257000,249000,254500,75769,-0.007797270955165692,-0.026768642447418722,-0.08617594254937166,1.1568245457071578,0.6875,0.8945518453427065,28.57142857142857,19283210500,0.03143418467583497,-0.023407521105141993,-0.054430614898755336,0.0,0.01404511268353052,0.4305832523192096,0.05258721750959844,254500,279950.0,305400.0,-0.7797270955165692,43.05832523192096,5.258721750959844
2026-09-29,023530,023530,102300,102500,100400,102000,61127,-0.00195694716242667,-0.10604732690622265,-0.0009794319294809117,0.3706208674093797,0.7619047619047619,0.8340147179067866,37.88235294117647,6234954000,0.020588235294117647,-0.034273811778072316,-0.07933929054968858,0.0009784735812132794,0.038255389025753525,0.4326892209490073,0.14229805805008655,102000,112200.00000000001,122400.0,-0.195694716242667,43.26892209490073,14.229805805008656
2026-09-29,007690,007690,38000,38200,36700,37850,19585,-0.005256241787122251,0.005312084993359889,-0.033205619412515985,0.9750111390728806,0.7666666666666667,0.9131483715319663,46.48648648648649,741292250,0.03963011889035667,0.0037125430920179614,-0.018540127058213396,-0.0013140604467805073,0.024236021144813432,0.41562115168839825,0.08375191428141027,37850,41635.0,45420.0,-0.5256241787122251,41.562115168839824,8.375191428141026
2026-09-29,079900,079900,40550,41050,39500,40800,39561,0.008652657601977642,-0.013301088270858519,-0.013301088270858519,0.30019429425202404,0.8387096774193549,0.9137737961926092,47.4264705882353,1614088800,0.03799019607843137,-0.018522973298051526,-0.000551166636046263,0.0024721878862794533,0.03871523784160993,0.4390240549134212,0.05323372580919666,40800,44880.0,48960.0,0.8652657601977642,43.90240549134212,5.323372580919665
2026-09-29,084010,084010,8000,8380,7860,8000,13870,0.0012515644555695093,-0.029126213592232997,-0.049881235154394354,0.5563611493851748,0.2692307692307692,0.8948545861297539,36.58536585365854,110960000,0.065,-0.0004997501249375258,-0.04971194393300471,0.0012515644555695093,0.01878798993408411,0.48629841673899044,0.06054618077784454,8000,8800.0,9600.0,0.12515644555695093,48.629841673899044,6.054618077784454
2026-09-29,138930,138930,16590,16590,16230,16490,469640,0.0012143290831816422,0.046984126984126906,0.09060846560846558,0.43573201033996034,0.7222222222222222,0.9915814792543596,64.55696202531647,7744363600,0.021831412977562158,0.028054862842892714,0.04559000697482718,0.007285974499089187,0.018440106009809807,0.43826643399043824,0.03366432615201289,16490,18139.0,19788.0,0.12143290831816422,43.826643399043824,3.366432615201289
2026-09-29,025860,025860,6110,6150,5980,6120,244529,-0.0032573289902280145,-0.012903225806451646,-0.04821150855365475,0.7113742673641283,0.8235294117647058,0.9272727272727272,43.29896907216495,1496517480,0.027777777777777776,-0.0009794319294809117,-0.017419924540419074,-0.004885993485342022,0.014612267391305596,0.41073360580864,0.04576407726849626,6120,6732.000000000001,7344.0,-0.32573289902280145,41.073360580864,4.576407726849626
2026-09-29,192080,192080,59200,59200,58000,58700,53340,0.0017064846416381396,-0.005084745762711895,-0.008445945945945943,1.170795950283974,0.5833333333333334,0.983249581239531,64.6341463414634,3131058000,0.020442930153321975,0.0027331738981892784,0.015131863380890564,0.010238907849829282,0.013955058905395916,0.4548475785916971,0.02228992613738501,58700,64570.00000000001,70440.0,0.17064846416381396,45.48475785916971,2.228992613738501
2026-09-29,900140,900140,1208,1220,1180,1205,364566,-0.0008291873963516272,0.0787824529991048,-0.04743083003952564,0.9277359629949988,0.625,0.9080633006782216,47.96747967479675,439302030,0.03319502074688797,0.049834465934831984,0.027280477408354598,0.0016583747927032544,0.026771928375609245,0.45089311632511525,0.1267217605705928,1205,1325.5,1446.0,-0.08291873963516272,45.089311632511524,12.672176057059282
2026-09-29,003550,003550,113400,113400,109100,111100,184479,-0.01855123674911663,-0.008920606601248937,-0.044711951848667275,0.5864851757342986,0.46511627906976744,0.8838504375497216,24.230769230769226,20495616900,0.0387038703870387,-0.01855123674911663,-0.04207622003793754,0.0017667844522968323,0.022084155729200687,0.444474728787444,0.06983691578932712,111100,122210.00000000001,133320.0,-1.8551236749116629,44.4474728787444,6.983691578932712
2026-09-29,024110,024110,20750,20750,20450,20650,475130,-0.007211538461538436,0.02481389578163773,-0.00959232613908878,0.5376444771720622,0.6666666666666666,0.9604651162790697,44.89795918367347,9811434500,0.014527845036319613,0.011263467189030374,0.0023055454435141343,-0.0024038461538461453,0.01146080796839543,0.4399811608084468,0.02543951721580931,20650,22715.000000000004,24780.0,-0.7211538461538436,43.99811608084468,2.543951721580931
2026-09-29,003090,003090,16040,16050,15390,15530,66320,-0.02265575833857769,-0.01646611779607343,-0.13674263479710946,1.0991396812296046,0.21212121212121213,0.8608647450110865,23.484848484848484,1029949600,0.04249839021249195,-0.01981822772027264,-0.058588185372654755,0.009439899307740696,0.01161218209160434,0.4811763609113576,0.080188862970208,15530,17083.0,18636.0,-2.265575833857769,48.117636091135765,8.0188862970208
2026-09-29,007160,007160,49100,49150,47500,48050,2225,-0.014358974358974375,-0.018386108273748758,-0.08476190476190482,1.204754040663833,0.3333333333333333,0.9152380952380952,33.33333333333333,106911250,0.03433922996878252,-0.017784137367130026,-0.037170624185953294,0.007179487179487243,0.012574391668901664,0.4585817839795938,0.043859602805765695,48050,52855.00000000001,57660.0,-1.4358974358974375,45.85817839795938,4.38596028057657
2026-09-29,010955,010955,88600,88600,85100,86800,11527,-0.016987542468856143,0.160427807486631,0.24892086330935248,0.39766787987511426,0.4857142857142857,0.9763779527559056,70.8092485549133,1000543600,0.04032258064516129,0.05519085825431569,0.16338292454094616,0.003397508493771184,0.03342703796898467,0.4340742248370025,0.1511956605636775,86800,95480.00000000001,104160.0,-1.6987542468856143,43.407422483700245,15.11956605636775
2026-09-29,001820,삼화콘덴서,143800,159700,142200,158800,1524048,0.1143859649122807,0.10354412786657408,0.441016333938294,1.4684100885845406,0.9485714285714286,0.9943644333124608,78.87517146776406,242018822400,0.11020151133501259,0.06993666621749095,0.22205548501288996,0.009122807017543755,0.055808890829276786,0.4314833997800331,0.19965828090450544,158800,174680.0,190560.0,11.43859649122807,43.14833997800331,19.965828090450543
2026-09-29,034230,034230,9660,9660,9380,9480,247512,-0.01964839710444677,-0.01964839710444677,-0.054835493519441725,0.7780337917485265,0.35714285714285715,0.9115384615384615,25.22522522522523,2346413760,0.029535864978902954,-0.009611366485582917,-0.03785649040901251,-0.0010341261633919352,0.01265334736395873,0.45682372158100465,0.04482138245453752,9480,10428.0,11376.0,-1.9648397104446769,45.68237215810046,4.4821382454537515
2026-09-29,178920,178920,18960,18960,18380,18640,21606,-0.006396588486140775,0.00920411478072558,-0.037190082644628086,0.7589974180176698,0.4482758620689655,0.9250620347394541,41.78403755868545,402735840,0.03111587982832618,0.007894452254785245,-0.011691100448026348,0.010660980810234477,0.02189580447234321,0.46148401648525333,0.05340452148592953,18640,20504.0,22368.0,-0.6396588486140775,46.148401648525336,5.340452148592953
2026-09-29,000650,000650,142700,147800,142200,142600,631,0.0,-0.0069637883008356605,-0.08472400513478817,0.5581107376614187,0.07142857142857142,0.915863840719332,46.666666666666664,89980600,0.03927068723702665,-0.007792930698580558,-0.0105467665834027,0.0007012622720896644,0.015495189550595662,0.5029102184018245,0.05766451112248814,142600,156860.0,171120.0,0.0,50.291021840182445,5.766451112248814
2026-09-29,018880,018880,3280,3280,3165,3225,3195421,-0.01676829268292679,-0.06521739130434778,-0.0759312320916905,1.240115962538219,0.5217391304347826,0.8983286908077994,31.034482758620683,10305232725,0.03565891472868217,-0.020054694621695512,-0.05811915887850472,0.0,0.020332525376859548,0.4721967639360793,0.06637789510307487,3225,3547.5000000000005,3870.0,-1.6768292682926789,47.21967639360793,6.6377895103074875
2026-09-29,002960,002960,525000,525000,515000,518000,409,-0.0057581573896353655,0.019685039370078705,0.03393213572854292,0.4270425476376925,0.3,0.9718574108818011,66.38655462184875,211862000,0.019305019305019305,0.01290574892452101,0.025387242044836,0.007677543186180413,0.008566585093978896,0.4764451593180401,0.03409155264030585,518000,569800.0,621600.0,-0.5758157389635365,47.64451593180401,3.4091552640305847
2026-09-29,103140,103140,78300,78300,76700,77600,56104,-0.0038510911424903815,-0.02634880803011297,-0.10185185185185186,0.5453447066696929,0.5625,0.9054842473745625,53.900709219858165,4353670400,0.020618556701030927,-0.006147540983606592,-0.010014671174331857,0.005134788189987249,0.02119776083894,0.4374443282460039,0.07277931457822097,77600,85360.0,93120.0,-0.38510911424903815,43.74443282460039,7.277931457822097
2026-09-29,003000,003000,3965,4015,3950,3985,103251,-0.008706467661691586,-0.003750000000000031,-0.05119047619047623,0.17984736201747595,0.5384615384615384,0.8174358974358974,40.322580645161295,411455235,0.01631116687578419,-0.0015033826108744597,-0.012697429544750727,-0.013681592039801016,0.02267840033473403,0.41897997555045585,0.06079211292692895,3985,4383.5,4782.0,-0.8706467661691586,41.897997555045585,6.079211292692896
2026-09-29,084690,084690,7880,7880,7710,7800,11369,-0.006369426751592355,-0.015151515151515138,-0.028642590286425906,0.42483941003038034,0.5294117647058824,0.9252669039145908,39.99999999999999,88678200,0.021794871794871794,-0.0005125576627370565,-0.01707516854640534,0.003821656050955413,0.013868688972206123,0.43491612336786967,0.039386167123168773,7800,8580.0,9360.0,-0.6369426751592355,43.491612336786964,3.938616712316877
2026-09-29,033270,033270,17750,17770,17430,17660,20332,0.003979533826037551,-0.015058561070831034,-0.011198208286674172,0.6602488435416122,0.6764705882352942,0.9418666666666666,28.244274809160302,359063120,0.01925254813137033,-0.0016958733747880483,-0.02212132118829424,0.009096077316657292,0.008991063663735388,0.45549195333913384,0.02169524407938475,17660,19426.0,21192.0,0.3979533826037551,45.54919533391338,2.169524407938475
2026-09-29,029460,029460,44000,46900,43700,46300,50543,0.06805074971164937,0.13064713064713063,0.13064713064713063,1.4586619144162019,0.8125,0.9872068230277186,72.27138643067846,2340140900,0.06911447084233262,0.04656419529837241,0.1466782242585598,0.014994232987312506,0.03724352774772438,0.4420515753544519,0.15181753834158962,46300,50930.00000000001,55560.0,6.805074971164937,44.20515753544519,15.181753834158961
2026-09-29,011200,011200,21350,21450,20850,20950,574740,-0.0187353629976581,0.0,-0.03456221198156684,0.6760193617195832,0.16666666666666666,0.945823927765237,42.64705882352941,12040803000,0.028639618138424822,-0.006166982922201192,-0.004159239453357055,0.0,0.01562976252385745,0.48563858448567604,0.04635142688960452,20950,23045.000000000004,25140.0,-1.87353629976581,48.5638584485676,4.635142688960452
2026-09-29,029530,029530,39400,39400,38550,39000,2336,-0.013906447534766109,0.007751937984496138,-0.051094890510948954,0.5598092430832644,0.5294117647058824,0.9397590361445783,38.00000000000001,91104000,0.021794871794871794,-0.0020470829068577334,-0.01228314549829046,-0.0037926675094817064,0.010744704930328922,0.442399579782486,0.029770181774169516,39000,42900.0,46800.0,-1.3906447534766109,44.2399579782486,2.9770181774169515
2026-09-29,353200,353200,123300,132500,121500,132300,1523919,0.08709942481511912,0.28322017458777893,0.229553903345725,1.5658825380790933,0.9818181818181818,0.9984905660377359,74.95652173913044,201614483700,0.08314436885865457,0.12538278325961216,0.23986692282460997,0.013147082990961456,0.04434734798946458,0.40438290355354883,0.17845531124498443,132300,145530.0,158760.0,8.709942481511913,40.43829035535488,17.845531124498443
2026-09-29,005070,005070,44350,44800,42200,43600,163583,-0.010215664018161208,0.03809523809523818,0.07920792079207928,1.490274854919967,0.5384615384615384,0.9416846652267818,65.71428571428572,7132218800,0.05963302752293578,0.032196969696969724,0.07323076923076921,0.006810442678774065,0.03382146070035643,0.44099950326332266,0.1260055623532911,43600,47960.00000000001,52320.0,-1.0215664018161208,44.09995032633226,12.60055623532911
2026-09-29,005380,005380,351500,352000,344500,350500,549142,-0.009887005649717562,-0.043656207366984945,-0.12265331664580725,1.1359210397712611,0.8,0.8590686274509803,16.535433070866148,192474271000,0.021398002853067047,-0.018207282913165312,-0.0655825113303119,-0.007062146892655385,0.018673073839756915,0.422260781293011,0.06925793608397468,350500,385550.00000000006,420600.0,-0.9887005649717562,42.2260781293011,6.925793608397468
2026-09-29,003960,003960,26900,27950,26800,26800,1051,-0.005565862708719838,-0.016513761467889854,-0.13548387096774195,0.36107532422915056,0.0,0.8562300319488818,17.241379310344826,28166800,0.04291044776119403,0.0011206574523721091,-0.06660861993905098,-0.0018552875695733162,0.01311533106953604,0.45918318416542786,0.05229099635177898,26800,29480.000000000004,32160.0,-0.5565862708719838,45.91831841654279,5.229099635177898
2026-09-29,126720,126720,21450,21450,21000,21250,13847,-0.01620370370370372,-0.02298850574712641,-0.025229357798165153,0.6067750042176713,0.5555555555555556,0.9219088937093276,45.333333333333336,294248750,0.021176470588235293,-0.011627906976744207,-0.017454629522598575,-0.00694444444444442,0.016656942824354263,0.4373145895420796,0.07034368021573671,21250,23375.000000000004,25500.0,-1.620370370370372,43.73145895420796,7.0343680215736715
2026-09-29,005490,005490,313500,313500,302500,306500,233103,-0.022328548644338087,-0.05837173579109067,-0.09185185185185185,1.0375849286385779,0.36363636363636365,0.8732193732193733,31.16883116883116,71446069500,0.03588907014681892,-0.02295186483901812,-0.06626047220106623,0.0,0.02003778969331581,0.467586358174005,0.09506319004592464,306500,337150.0,367800.0,-2.2328548644338087,46.7586358174005,9.506319004592465
2026-09-29,298690,298690,1515,1515,1500,1508,43587,-0.0046204620462045876,0.0006635700066357497,-0.03271327774214239,0.6848042030610136,0.5333333333333333,0.9262899262899262,38.671875,65729196,0.009946949602122016,-0.0071108770081642625,-0.01166601127277489,0.0,0.014824149475039228,0.4357315130713781,0.04478551132458344,1508,1658.8000000000002,1809.6,-0.46204620462045876,43.573151307137806,4.478551132458343
2026-09-29,010780,010780,15130,15170,14580,14690,92056,-0.01870407481629921,-0.05225806451612902,-0.10097919216646267,1.1648345391105193,0.1864406779661017,0.905672009864365,32.16783216783216,1352302640,0.04016337644656229,-0.025862068965517238,-0.0502052823845085,0.010688042752170945,0.014732407566364921,0.48598601648009593,0.060613024095379345,14690,16159.000000000002,17628.0,-1.870407481629921,48.59860164800959,6.061302409537935
2026-09-29,002380,002380,480500,480500,466000,473000,12131,-0.009424083769633551,0.015021459227467782,-0.001055966209081327,0.487901012120103,0.4827586206896552,0.9202334630350194,28.925619834710744,5737963000,0.0306553911205074,0.0012701100762066986,-0.014172571904960352,0.006282722513089034,0.017712812672431348,0.45323453491343807,0.03880620119902797,473000,520300.00000000006,567600.0,-0.9424083769633551,45.323453491343805,3.8806201199027974
2026-09-29,030190,030190,16250,16400,16120,16150,55472,-0.0006188118811880639,0.05211726384364823,0.008744534665833914,0.49135661620116283,0.10714285714285714,0.9728915662650602,46.71814671814671,895872800,0.0173374613003096,0.026439557645862477,0.012888456834645234,0.005569306930693019,0.01389974454302808,0.5275760039147558,0.04435679479776365,16150,17765.0,19380.0,-0.061881188118806385,52.75760039147558,4.435679479776365
2026-09-29,016380,016380,5620,5690,5500,5610,146422,0.0017857142857142794,-0.020942408376963373,-0.001779359430605032,0.8586619611554891,0.5789473684210527,0.9689119170984456,46.875,821427420,0.0338680926916221,-0.0003563791874554578,0.0008027829810008935,0.0035714285714285587,0.011564143704398755,0.46052179635250573,0.024653984657629056,5610,6171.000000000001,6732.0,0.17857142857142794,46.052179635250575,2.4653984657629056
2026-09-29,075580,075580,9930,9990,9420,9710,369577,-0.028028028028028062,-0.061835748792270495,-0.0891181988742964,2.940394431997556,0.5087719298245614,0.9100281162136832,30.538922155688624,3588592670,0.05870236869207003,-0.029388244702119204,-0.04939057222575749,-0.006006006006005982,0.019857248999444,0.46929339526390723,0.07348072433623799,9710,10681.0,11652.0,-2.8028028028028062,46.92933952639072,7.348072433623799
2026-09-29,036460,036460,35450,35500,34550,35000,135286,-0.012693935119887145,-0.018232819074333828,-0.05660377358490565,0.7619698818965269,0.47368421052631576,0.9186351706036745,48.88888888888889,4735010000,0.027142857142857142,-0.013528748590755368,-0.03268154494576103,0.0,0.019001028987554812,0.4445558222409156,0.07435856964569162,35000,38500.0,42000.0,-1.2693935119887145,44.45558222409156,7.435856964569163
2026-09-29,244920,244920,13010,13490,12400,13190,9328,0.013835511145272816,-0.010502625656414133,-0.013462976813762184,0.31926891252449363,0.7247706422018348,0.9102829537612146,38.372093023255815,123036320,0.08263836239575435,0.024704785581106226,-0.02075058465421875,0.0,0.026540444882267,0.45212145314154756,0.05372267769825805,13190,14509.000000000002,15828.0,1.3835511145272816,45.21214531415475,5.372267769825805
2026-09-29,092790,092790,13600,13600,13110,13200,198177,-0.02941176470588236,-0.06316536550745211,0.03692065985860182,0.16664621187572787,0.1836734693877551,0.8198757763975155,49.57805907172995,2615936400,0.037121212121212124,-0.03239994135757218,-0.026117751217352825,0.0,0.02842190949099923,0.45456214895409414,0.1077611717676438,13200,14520.000000000002,15840.0,-2.941176470588236,45.45621489540942,10.77611717676438
2026-09-29,028260,028260,343500,349000,340500,347500,270400,0.005788712011577379,-0.016973125884017004,-0.07333333333333336,0.813443232401995,0.8235294117647058,0.8665835411471322,32.195121951219505,93964000000,0.02446043165467626,-0.03176372248537196,-0.051388794103596536,-0.005788712011577379,0.028070296819193576,0.4500482976976367,0.0723608284521295,347500,382250.00000000006,417000.0,0.5788712011577379,45.004829769763674,7.23608284521295
2026-09-29,336370,336370,7710,7820,7560,7680,112081,-0.010309278350515427,-0.0735826296743064,-0.021656050955414008,0.5228174327831313,0.46153846153846156,0.8552338530066815,56.64556962025317,860782080,0.033854166666666664,-0.009543461439257106,-0.01443695861405192,-0.006443298969072142,0.039298997982781796,0.4542845858809328,0.12904077217561694,7680,8448.0,9216.0,-1.0309278350515427,45.42845858809328,12.904077217561694
2026-09-29,204320,204320,46800,46800,45400,46000,139853,-0.00540540540540535,-0.04663212435233166,-0.08548707753479123,0.5091099049512015,0.42857142857142855,0.8745247148288974,32.051282051282044,6433238000,0.030434782608695653,-0.00519031141868509,-0.04889899720872537,0.011891891891891992,0.025321362502484502,0.45535604819929415,0.06561329199998286,46000,50600.00000000001,55200.0,-0.540540540540535,45.53560481992942,6.561329199998286
2026-09-29,002030,002030,208000,210500,203500,206000,2100,0.004878048780487809,-0.05504587155963303,-0.03962703962703962,1.0542433294008384,0.35714285714285715,0.8917748917748918,48.93617021276596,432600000,0.03398058252427184,-0.022770398481973486,-0.029332076805277385,0.014634146341463428,0.034552273933877484,0.4911868435576698,0.10954865939587055,206000,226600.00000000003,247200.0,0.4878048780487809,49.11868435576698,10.954865939587055
2026-09-29,035250,035250,14570,14570,14320,14400,234066,-0.0020790020790020236,-0.001386962552011095,-0.026369168356997985,0.9990750490753265,0.32,0.96,30.693069306930695,3370550400,0.017361111111111112,-0.00013886960144426919,-0.015283618832700796,0.00970200970200974,0.0069948196736041605,0.44135968874927534,0.011380225215998808,14400,15840.000000000002,17280.0,-0.20790020790020236,44.135968874927535,1.1380225215998807
2026-09-29,000080,000080,15140,15300,15000,15040,84404,-0.0046326935804102964,0.004676018704074858,-0.043256997455470736,1.1302384033862694,0.13333333333333333,0.9500947567909034,27.450980392156865,1269436160,0.0199468085106383,-0.001460629398486235,-0.015126710758954887,0.0019854401058900795,0.005317414464086681,0.4815925419783701,0.016357551868288245,15040,16544.0,18048.0,-0.46326935804102964,48.15925419783701,1.6357551868288245
2026-09-29,007070,007070,23050,23050,22350,22850,129697,-0.008676789587852451,-0.023504273504273532,-0.14258911819887432,0.6723146899492332,0.7142857142857143,0.8294010889292196,24.719101123595507,2963576450,0.030634573304157548,-0.00824652777777779,-0.07142131463984558,0.0,0.015639286636245836,0.4301846714756951,0.0892484429569698,22850,25135.000000000004,27420.0,-0.8676789587852451,43.01846714756951,8.92484429569698
2026-09-29,003720,003720,6310,6400,6140,6320,125688,-0.0047244094488189115,-0.042424242424242475,-0.026194144838212585,0.9355795340860369,0.6923076923076923,0.9362962962962963,55.223880597014926,794348160,0.04113924050632911,-0.013424914142990962,0.007171314741035939,-0.006299212598425252,0.019854768395447465,0.4298541333429209,0.06836423898188607,6320,6952.000000000001,7584.0,-0.47244094488189115,42.98541333429209,6.836423898188607
2026-09-29,001500,001500,7860,7860,7760,7790,35632,-0.007643312101910826,-0.015170670037926715,-0.031094527363184077,0.4725015050774817,0.3,0.9453883495145631,19.40298507462687,277573280,0.012836970474967908,-0.010165184243964398,-0.019879214896829422,0.001273885350318471,0.013782715186782198,0.4294283077117402,0.010268373320745134,7790,8569.0,9348.0,-0.7643312101910826,42.942830771174016,1.0268373320745134
2026-09-29,003540,003540,26100,26150,25400,25750,78035,-0.0077071290944122905,-0.01717557251908397,-0.04452690166975881,1.1969164083458212,0.4666666666666667,0.8401305057096248,37.83783783783784,2009401250,0.02912621359223301,-0.014919663351185886,-0.033317691224777124,0.005780346820809301,0.011252428118548667,0.4463572456225726,0.1369358294836213,25750,28325.000000000004,30900.0,-0.770712909441229,44.63572456225726,13.69358294836213
2026-09-29,298040,298040,2780000,2839000,2751000,2819000,28685,0.012571839080459668,-0.023891966759002736,-0.10593085949888992,0.8092671456158936,0.7727272727272727,0.9224476439790575,40.852130325814535,80863015000,0.031216743526073076,-0.016536421992743522,-0.010460544790789061,-0.001436781609195359,0.0333929391054088,0.4529687877320067,0.05926230435278553,2819000,3100900.0000000005,3382800.0,1.2571839080459668,45.296878773200675,5.926230435278553
2026-09-29,029780,029780,43450,43450,42200,42600,81063,-0.01274623406720743,-0.03181818181818186,-0.09936575052854124,0.6705700461671963,0.32,0.9015873015873016,9.090909090909093,3453283800,0.029342723004694836,-0.009302325581395321,-0.05354365696511887,0.006952491309385911,0.010966255788658008,0.4549658408678073,0.029395630813967368,42600,46860.00000000001,51120.0,-1.274623406720743,45.49658408678073,2.9395630813967366
2026-09-29,090430,090430,142800,144200,141100,142100,137785,0.0014094432699083281,-0.0042046250875963365,-0.05644090305444882,0.6595963768993585,0.3225806451612903,0.9318032786885246,53.59116022099448,19579248500,0.021815622800844477,-0.0028070175438597023,-0.0037159082941877752,0.00634249471458781,0.013553132989532483,0.4835346318056708,0.05930145248038369,142100,156310.0,170520.0,0.1409443269908328,48.35346318056708,5.930145248038369
2026-09-29,454910,454910,69800,70400,67500,68800,237410,-0.012912482065997155,-0.011494252873563204,-0.03910614525139666,0.8611435497388296,0.4482758620689655,0.9309878213802436,45.50561797752809,16333808000,0.04215116279069767,-0.022449559533958552,-0.013266403728935061,0.0014347202295552641,0.02457303421869319,0.44458682669534183,0.057782572228721546,68800,75680.0,82560.0,-1.2912482065997155,44.458682669534184,5.7782572228721545
2026-09-29,003545,003545,20300,20350,20050,20250,26589,-0.0024630541871921707,0.00496277915632759,-0.004914004914004955,0.780493675679325,0.6666666666666666,0.9484777517564403,38.095238095238095,538427250,0.014814814814814815,-0.0024630541871921707,-0.007596177407498184,0.0,0.005665424336125843,0.4340969553811073,0.026224955351307262,20250,22275.0,24300.0,-0.24630541871921707,43.40969553811073,2.622495535130726
2026-09-29,000720,현대건설,122900,123700,115500,118000,619616,-0.04220779220779225,-0.060509554140127375,-0.08456167571761053,0.8482348416332645,0.3048780487804878,0.8309859154929577,41.98198198198198,73114688000,0.06949152542372881,-0.05083655083655081,-0.058185010775002044,-0.0024350649350649567,0.04165206305740903,0.47645427656429695,0.17846774643196575,118000,129800.00000000001,141600.0,-4.2207792207792245,47.645427656429696,17.846774643196575
2026-09-29,003530,003530,4595,4595,4490,4570,596315,-0.0032715376226826187,0.00439560439560438,-0.08599999999999997,0.41244023467348945,0.7619047619047619,0.8574108818011257,33.49282296650718,2725159550,0.022975929978118162,-0.01295896328293733,-0.03915900131406047,0.0021810250817884125,0.02956630788629237,0.410695721311422,0.06856474443442867,4570,5027.0,5484.0,-0.32715376226826187,41.0695721311422,6.856474443442867
2026-09-29,035150,035150,10490,10500,10200,10290,23581,-0.0019398642095053154,-0.029245283018867974,-0.045454545454545414,2.034388156532542,0.3,0.9042179261862917,25.581395348837205,242648490,0.029154518950437316,-0.010005772561092918,-0.038093012386071545,0.01745877788554795,0.010274396463612355,0.4606501981368307,0.05340118090848354,10290,11319.000000000002,12348.0,-0.19398642095053154,46.06501981368307,5.340118090848354
2026-09-29,294870,294870,23500,24000,22750,23100,192025,-0.014925373134328401,-0.019108280254777066,-0.002159827213822907,1.3318781684342966,0.28,0.9112426035502958,49.425287356321846,4435777500,0.05411255411255411,-0.014505119453924964,-0.019316493313521588,0.002132196162046851,0.016251820539675728,0.4640411304730188,0.0950257214649752,23100,25410.000000000004,27720.0,-1.4925373134328401,46.404113047301884,9.50257214649752
2026-09-29,017670,017670,87200,87200,84700,86200,682433,-0.01710376282782211,-0.032547699214365844,-0.12576064908722107,0.7758759277033205,0.6,0.9064143007360673,19.841269841269835,58825724600,0.029002320185614848,-0.010332950631458115,-0.04158327774071602,-0.005701254275940704,0.01881296358089572,0.4471965008430585,0.05865924281215006,86200,94820.00000000001,103440.0,-1.710376282782211,44.719650084305854,5.8659242812150065
2026-09-29,096770,SK이노베이션,156200,156400,144100,147200,737627,-0.07363121460037758,0.07445255474452561,0.25919589392643294,0.6465629133044427,0.25203252032520324,0.8937462052216151,55.400696864111495,108578694400,0.08355978260869565,-0.00040744261849789964,0.046271945411898496,-0.016991818753933297,0.05251520841833953,0.4436859682168147,0.19420730313071807,147200,161920.0,176640.0,-7.363121460037759,44.36859682168147,19.420730313071807
2026-09-29,010950,010950,163700,164800,154000,158200,252875,-0.03536585365853662,0.05678022712090858,0.0603217158176943,0.5759856301408071,0.3888888888888889,0.9262295081967213,50.44117647058823,40004825000,0.06826801517067003,0.006617459913464074,0.030484627410109377,-0.0018292682926829285,0.034474640121100616,0.46133906050304385,0.14359072900041556,158200,174020.0,189840.0,-3.5365853658536617,46.13390605030438,14.359072900041555
2026-09-29,006650,006650,92300,92300,87700,88500,30463,-0.03594771241830064,-0.10152284263959388,-0.07620041753653439,0.5625305843574284,0.17391304347826086,0.7635893011216566,38.970588235294116,2695975500,0.0519774011299435,-0.04879621668099743,-0.09638554216867468,0.005446623093681824,0.04234110577550336,0.49022840172370336,0.18524150658638452,88500,97350.00000000001,106200.0,-3.5947712418300637,49.02284017237034,18.52415065863845
2026-09-29,008730,008730,14780,14810,14310,14540,43656,-0.009536784741144388,-0.03708609271523178,-0.1345238095238095,0.7931974272320942,0.46,0.8390075014425851,31.353919239904997,634758240,0.0343878954607978,-0.013702347035680407,-0.06444036933371944,0.006811989100817373,0.021316004189087398,0.45528694053138996,0.10428917668582409,14540,15994.000000000002,17448.0,-0.9536784741144388,45.528694053139,10.42891766858241
2026-09-29,004490,004490,59600,60200,58800,60000,39888,0.01180438448566612,0.0,-0.09502262443438914,0.41169716189262207,0.8571428571428571,0.8486562942008486,29.126213592233,2393280000,0.023333333333333334,0.011463250168577188,-0.03799903799903803,0.005059021922428242,0.016637001207955592,0.43919551042243066,0.07212383431339445,60000,66000.0,72000.0,1.180438448566612,43.919551042243064,7.212383431339445
2026-09-29,001340,001340,5080,5080,4900,4990,68138,-0.017716535433070835,0.014227642276422703,-0.029182879377431914,0.856399872805678,0.5,0.9468690702087287,44.59459459459459,340008620,0.036072144288577156,0.0006015640665730793,-0.0050842388595354615,0.0,0.02119361732580414,0.4593630504920943,0.06706054104302989,4990,5489.0,5988.0,-1.7716535433070835,45.93630504920943,6.706054104302988
2026-09-29,088980,088980,9890,9940,9790,9880,484236,0.004065040650406582,0.009193054136874323,-0.008032128514056214,0.674233429773199,0.6,0.979187314172448,46.34146341463415,4784251680,0.015182186234817813,0.004473363155754306,0.002740282147569273,0.005081300813008172,0.004463931415085312,0.4784974485300027,0.015192435032502043,9880,10868.0,11856.0,0.40650406504065817,47.84974485300027,1.5192435032502043
2026-09-29,014680,014680,239500,250000,237000,247500,70969,0.03340292275574108,0.15116279069767447,0.21921182266009853,1.5132612123531788,0.8076923076923077,0.99,81.37931034482759,17564827500,0.052525252525252523,0.05950342465753433,0.17677824267782416,0.0,0.028503204427769335,0.4534658016322463,0.16339739176539264,247500,272250.0,297000.0,3.3402922755741082,45.34658016322463,16.339739176539265
2026-09-29,034220,034220,8450,8460,8210,8310,3003146,-0.0154028436018957,-0.013064133016627122,-0.1361746361746362,0.5655299245507146,0.4,0.8488253319713994,14.285714285714292,24956143260,0.030084235860409144,-0.018658478979688198,-0.056057249957403354,0.0011848341232227888,0.012516127441733282,0.44678296426341435,0.06294729085444502,8310,9141.0,9972.0,-1.54028436018957,44.67829642634143,6.2947290854445015
2026-09-29,008060,008060,15110,15250,14760,15230,62224,0.01196013289036535,0.0695224719101124,-0.052271313005600506,0.8723606198381287,0.9591836734693877,0.7357487922705314,58.18815331010453,947671520,0.03217334208798424,0.03254237288135586,0.03240238611713675,0.003986710963455042,0.019907931584826236,0.40754605430653623,0.15720207568333097,15230,16753.0,18276.0,1.196013289036535,40.754605430653626,15.720207568333096
2026-09-29,330590,330590,4150,4185,4060,4155,155240,0.013414634146341475,0.020884520884520974,0.06538461538461537,1.0888121118774785,0.76,0.9904648390941597,75.0,645022200,0.030084235860409144,0.0146520146520146,0.046467699282206176,0.012195121951219523,0.011261773740585774,0.4398005812386818,0.03900322658829344,4155,4570.5,4986.0,1.3414634146341475,43.98005812386818,3.9003226588293436
2026-09-29,267270,HD현대건설기계,128200,128400,122100,125700,216068,-0.0210280373831776,-0.10470085470085466,-0.07979502196193267,0.9431710913005663,0.5714285714285714,0.8396793587174348,34.35448577680526,27159747600,0.050119331742243436,-0.05017379477104433,-0.07546337157987648,-0.0015576323987538387,0.03493505001369384,0.4971735846593726,0.16323037388979658,125700,138270.0,150840.0,-2.10280373831776,49.71735846593726,16.323037388979657
2026-09-29,051900,LG생활건강,292000,294000,275500,281000,87711,-0.03602058319039447,-0.04258943781942082,-0.11635220125786161,1.3300871348026653,0.2972972972972973,0.8593272171253823,39.285714285714285,24646791000,0.06583629893238434,-0.038329911019849394,-0.0493910690121786,0.0017152658662091813,0.015763535446063588,0.47724049556392484,0.15054029195412771,281000,309100.0,337200.0,-3.6020583190394473,47.72404955639249,15.054029195412772
2026-09-29,033780,033780,176100,177700,173500,176100,290594,0.00859106529209619,0.01909722222222232,-0.0011344299489506326,1.2560464150286075,0.6190476190476191,0.9837988826815642,65.93406593406593,51173603400,0.02385008517887564,0.006170723345903406,0.018007341677024113,0.00859106529209619,0.009890408296141325,0.4766559400545067,0.032828177838373114,176100,193710.00000000003,211320.0,0.8591065292096189,47.665594005450664,3.2828177838373116
2026-09-29,138040,138040,133500,133500,130600,132500,124031,0.0,0.04577742699289655,0.08606557377049184,0.4790815366793965,0.6551724137931034,0.9525521207764198,48.38709677419355,16434107500,0.02188679245283019,0.02095854523038998,0.02625668035008899,0.007547169811320753,0.027551663624814864,0.4340282076057886,0.08966672785180069,132500,145750.0,159000.0,0.0,43.402820760578855,8.96667278518007
2026-09-29,015760,015760,30300,30450,29900,30100,1328548,-0.016339869281045805,-0.02588996763754048,-0.07526881720430112,0.8865501981319724,0.36363636363636365,0.8520877565463553,30.075187969924812,39989294800,0.018272425249169437,-0.016339869281045805,-0.053607923282502745,-0.009803921568627416,0.02122618604682114,0.4618584384284528,0.10481036118162196,30100,33110.0,36120.0,-1.6339869281045805,46.18584384284528,10.481036118162196
2026-09-29,003620,003620,2540,2540,2470,2500,238799,-0.011857707509881465,-0.03100775193798455,-0.07063197026022305,0.507044885232309,0.42857142857142855,0.8620689655172413,26.530612244897966,596997500,0.028,-0.011075949367088556,-0.04716531681753211,0.0039525691699604515,0.017484562028610276,0.45057579189081415,0.06545090868730223,2500,2750.0,3000.0,-1.1857707509881465,45.057579189081416,6.545090868730223
2026-09-29,005830,005830,192000,193300,189200,191400,160096,0.005780346820809301,0.01538461538461533,0.02134471718249742,0.6723140780458143,0.5365853658536586,0.9201923076923076,48.81516587677725,30642374400,0.021421107628004178,0.017976810977555546,0.00864249578414844,0.008933263268523284,0.029699475355016984,0.4795949008271015,0.0935106621089527,191400,210540.00000000003,229680.0,0.5780346820809301,47.95949008271015,9.35106621089527
2026-09-29,009540,009540,332500,333000,320000,323000,124577,-0.02857142857142858,-0.050000000000000044,-0.08885754583921013,0.7854041685173201,0.23076923076923078,0.8717948717948718,37.10407239819004,40238371000,0.04024767801857585,-0.032644504342617564,-0.06200087120662112,0.0,0.030382674917964914,0.4834536439309953,0.11957289900497044,323000,355300.0,387600.0,-2.857142857142858,48.34536439309953,11.957289900497043
2026-09-29,014820,014820,21200,21400,20750,20950,16064,-0.011792452830188704,-0.0187353629976581,-0.06681514476614703,0.4846875660018707,0.3076923076923077,0.8784067085953878,38.02816901408451,336540800,0.031026252983293555,-0.007109004739336511,-0.02784222737819031,0.0,0.021790819986968798,0.4544084930057942,0.078369806225797,20950,23045.000000000004,25140.0,-1.1792452830188704,45.44084930057942,7.8369806225797
2026-09-29,267260,267260,681000,687000,670000,687000,121679,-0.008658008658008698,-0.05502063273727653,-0.15601965601965606,1.139077571745252,1.0,0.8598247809762203,26.25,83593473000,0.024745269286754003,-0.026912181303116123,-0.05482561739010805,-0.017316017316017285,0.029919437730570007,0.4053389142692823,0.06157785174507073,687000,755700.0000000001,824400.0,-0.8658008658008698,40.53389142692823,6.157785174507073
2026-09-29,010130,010130,1088000,1091000,1046000,1077000,24715,-0.015539305301645379,-0.048586572438162556,-0.21672727272727277,1.314648638010181,0.6888888888888889,0.8146747352496218,13.065326633165839,26618055000,0.04178272980501393,-0.027802852500451336,-0.08320919344541389,-0.005484460694698323,0.01895040841014826,0.4507440751572519,0.11007492992912642,1077000,1184700.0,1292400.0,-1.5539305301645379,45.07440751572519,11.007492992912642
2026-09-29,007700,007700,13450,14000,13330,13390,2632,-0.001491424310216205,-0.019765739385065872,-0.07591442374051072,0.3080848872189252,0.08955223880597014,0.9146174863387978,29.651162790697683,35242480,0.05003734129947722,-0.010054709448469645,-0.03662133966472403,0.00298284862043241,0.01161650936684479,0.4788000966179885,0.029338462742214688,13390,14729.000000000002,16068.0,-0.1491424310216205,47.88000966179885,2.9338462742214686
2026-09-29,003240,003240,915000,916000,891000,897000,828,-0.007743362831858391,-0.007743362831858391,-0.022875816993464082,0.7691950392493845,0.24,0.9006024096385542,42.10526315789474,742716000,0.027870680044593088,-0.008182220256523709,-0.019243385086376574,0.012168141592920456,0.014664219069821958,0.46949548255899937,0.08109474173226945,897000,986700.0000000001,1076400.0,-0.7743362831858391,46.949548255899934,8.109474173226944
2026-09-29,001250,001250,2655,2720,2635,2660,663553,0.0037735849056603765,0.035019455252918386,-0.014814814814814836,2.245321070494405,0.29411764705882354,0.9761467889908257,51.020408163265316,1765050980,0.03195488721804511,0.0242587601078168,0.013622939887586893,0.0018867924528302993,0.013744137667075947,0.5039381290306232,0.06501020377683489,2660,2926.0000000000005,3192.0,0.37735849056603765,50.39381290306232,6.501020377683489
2026-09-29,439260,439260,45550,45700,44500,45050,35709,-0.010976948408342513,-0.043524416135881094,-0.08061224489795915,0.9571585185741127,0.4583333333333333,0.9203268641470889,31.847133757961785,1608690450,0.026637069922308545,-0.014438853642528948,-0.03305430349860483,0.0,0.022861300875417247,0.44864759504821483,0.038607834569753655,45050,49555.00000000001,54060.0,-1.0976948408342513,44.864759504821485,3.8607834569753656
2026-09-29,000810,000810,664000,664000,646000,652000,73176,-0.00911854103343468,-0.004580152671755711,-0.05094614264919939,0.7278905339216724,0.3333333333333333,0.924822695035461,48.38709677419355,47710752000,0.027607361963190184,-0.001225490196078427,-0.01391409558378709,0.00911854103343468,0.028431654159052428,0.4562670797095048,0.06015470720265574,652000,717200.0,782400.0,-0.911854103343468,45.626707970950484,6.015470720265574
2026-09-29,009680,009680,10140,10180,10050,10110,10919,-0.00295857988165682,-0.007850834151128527,-0.013658536585365866,0.9571269536557359,0.46153846153846156,0.9448598130841122,32.55813953488372,110391090,0.012858555885262116,-0.0015800908552241477,-0.01543555533914398,0.0,0.007259510715327049,0.4338799128151255,0.024294405036231256,10110,11121.0,12132.0,-0.295857988165682,43.38799128151255,2.4294405036231255
2026-09-29,001530,001530,26450,26450,25100,25350,10467,-0.026871401151631447,-0.05410447761194026,-0.09625668449197866,0.2912422803544324,0.18518518518518517,0.856418918918919,27.48091603053436,265338450,0.05325443786982249,-0.007439310884886474,-0.056919642857142905,0.015355086372360827,0.021983850889857905,0.46933942656530875,0.08515436315205657,25350,27885.000000000004,30420.0,-2.6871401151631447,46.933942656530874,8.515436315205656
2026-09-29,011790,011790,90200,93300,89000,93300,204720,0.03436807095343686,0.06506849315068486,0.02190580503833517,1.5025354184266093,1.0,0.9957310565635006,61.276595744680854,19100376000,0.04608788853161844,0.035976015989340526,0.05818305546104119,0.0,0.027743827886352414,0.40340616685290825,0.07624470332939452,93300,102630.00000000001,111960.0,3.436807095343686,40.340616685290826,7.6244703329394525
2026-09-29,000500,가온전선,296500,316500,296000,315000,145337,0.055276381909547645,-0.021739130434782594,0.5441176470588236,0.43408371172829757,0.926829268292683,0.9012875536480687,68.59122401847576,45781155000,0.06507936507936508,-0.004110022130888402,0.21904024767801866,-0.00670016750418756,0.07360135225055109,0.43179328975633496,0.21594393765186026,315000,346500.0,378000.0,5.5276381909547645,43.179328975633496,21.594393765186027
2026-09-29,000210,000210,52400,52500,49600,50500,62953,-0.026974951830443183,-0.08014571948998184,0.010000000000000009,0.9593649443876778,0.3103448275862069,0.892226148409894,38.92617449664429,3179126500,0.05742574257425743,-0.018655266226195066,-0.04905376141606255,0.009633911368015502,0.028086041329830173,0.46576188235694405,0.11729198024553386,50500,55550.00000000001,60600.0,-2.6974951830443183,46.5761882356944,11.729198024553385
2026-09-29,051910,051910,259500,260000,247000,252500,227997,-0.0362595419847328,-0.057835820895522416,-0.08844765342960292,1.1188735347103183,0.4230769230769231,0.8416666666666667,33.92857142857143,57569242500,0.05148514851485148,-0.017509727626459193,-0.06843755764619075,-0.009541984732824416,0.029400332047587942,0.47251925896975683,0.1532218128939067,252500,277750.0,303000.0,-3.62595419847328,47.251925896975685,15.322181289390672
2026-09-29,031430,031430,10610,10610,10390,10500,46022,-0.0009514747859181716,0.001908396946564972,-0.019607843137254943,0.8950135597802042,0.5,0.9502262443438914,57.377049180327866,483231000,0.02095238095238095,0.0034403669724769603,9.524716639686126e-05,0.009514747859181716,0.01088320575428627,0.4452872720124004,0.05165119249612603,10500,11550.000000000002,12600.0,-0.09514747859181716,44.528727201240045,5.165119249612602
2026-09-29,034310,034310,12180,12280,11850,12170,14331,0.006617038875103454,0.009121061359867344,-0.09851851851851856,0.42420241893947913,0.7441860465116279,0.9014814814814814,41.31455399061033,174408270,0.03533278553820871,0.01484322881921285,-0.020759575152880627,0.007444168734491274,0.017378636910653243,0.4568761220120236,0.061038459227666986,12170,13387.000000000002,14604.0,0.6617038875103454,45.68761220120236,6.103845922766698
2026-09-29,089590,089590,4510,4635,4455,4630,229302,0.01091703056768556,0.05227272727272725,0.016465422612513825,0.9233213103961327,0.9722222222222222,0.9204771371769384,50.14005602240897,1061668260,0.038876889848812095,0.019374724790841125,0.0008646779074794608,-0.015283842794759805,0.03295467771631586,0.4368666865756021,0.10287603786336452,4630,5093.0,5556.0,1.091703056768556,43.68666865756021,10.287603786336453
2026-09-29,000540,000540,3500,3500,3440,3480,10473,-0.011363636363636354,-0.008547008547008517,-0.021097046413502074,0.11023056006239347,0.6666666666666666,0.8743718592964824,34.17721518987341,36446040,0.017241379310344827,-0.006849315068493178,-0.03986756794040558,-0.005681818181818232,0.033467850394526925,0.3738818007552663,0.032203078230144504,3480,3828.0000000000005,4176.0,-1.1363636363636354,37.38818007552663,3.2203078230144504
2026-09-29,018250,018250,11140,11240,11060,11200,8877,0.0017889087656528524,0.0008936550491509543,-0.059613769941225914,0.17383947901030758,0.7777777777777778,0.8536585365853658,24.444444444444443,99422400,0.01607142857142857,0.006108515989939001,-0.02144947796077057,-0.003577817531305927,0.008767156514793217,0.42134621179028875,0.0455610137465366,11200,12320.000000000002,13440.0,0.17889087656528524,42.134621179028876,4.55610137465366
2026-09-29,005950,005950,10880,10980,10340,10630,320812,-0.022079116835326595,-0.023875114784205675,-0.1229372937293729,0.9378534541856138,0.453125,0.8227554179566563,33.434650455927056,3410231560,0.060206961429915336,-0.004122166010867567,-0.061575811079231935,0.0009199632014720294,0.03391347367193794,0.45401208171295204,0.12024403308787518,10630,11693.000000000002,12756.0,-2.2079116835326595,45.4012081712952,12.024403308787518
2026-09-29,037270,037270,3135,3180,3060,3100,97688,-0.003215434083601254,-0.0016103059581320522,-0.051987767584097844,0.9656499736316507,0.3333333333333333,0.9393939393939394,36.84210526315789,302832800,0.03870967741935484,0.0019392372333548735,-0.011873456052275078,0.008038585209003246,0.012469328446828631,0.4552055217909322,0.03000650883751265,3100,3410.0000000000005,3720.0,-0.3215434083601254,45.52055217909322,3.000650883751265
2026-09-29,012630,012630,25750,26100,25000,25350,48408,-0.028735632183908066,-0.04519774011299438,0.09267241379310343,0.4823772084541568,0.3181818181818182,0.869639794168096,60.17316017316018,1227142800,0.04339250493096647,-0.0178225493994576,0.007051345714569557,-0.013409961685823757,0.03628799641066571,0.4545424462482598,0.15057387892113455,25350,27885.000000000004,30420.0,-2.8735632183908066,45.45424462482598,15.057387892113455
2026-09-29,031210,031210,42900,43250,42600,43100,37356,-0.0011587485515642815,0.039806996381182236,-0.030371203599550034,0.8233117381870436,0.7692307692307693,0.9599109131403119,44.339622641509436,1610043600,0.015081206496519721,0.02302397341561835,0.0020342923568730242,-0.005793742757821518,0.016211458463046943,0.4194493625815696,0.03751824604319691,43100,47410.00000000001,51720.0,-0.11587485515642815,41.944936258156964,3.751824604319691
2026-09-29,093050,093050,21950,22000,21550,21900,7526,-0.006802721088435382,0.009216589861751112,-0.06008583690987124,0.4431398987832201,0.7777777777777778,0.9299363057324841,43.67816091954023,164819400,0.02054794520547945,0.006896551724137945,-0.013180128421764081,-0.0045351473922902175,0.01773129883547647,0.4111791290722093,0.038712826746042615,21900,24090.000000000004,26280.0,-0.6802721088435382,41.11791290722093,3.8712826746042617
2026-09-29,008770,008770,40400,40550,39900,40200,102685,-0.002481389578163795,-0.013496932515337456,-0.06511627906976747,0.5641561803629587,0.46153846153846156,0.8835164835164835,8.474576271186436,4127937000,0.01616915422885572,-0.0029761904761904656,-0.031616982836495056,0.002481389578163684,0.01622173834325087,0.4341850383609748,0.0383187486888614,40200,44220.0,48240.0,-0.2481389578163795,43.41850383609748,3.83187486888614
2026-09-29,030210,030210,3970,3970,3860,3915,60161,-0.011363636363636354,0.03708609271523189,0.006426735218509005,0.8864622257847772,0.5,0.9490909090909091,51.36986301369863,235530315,0.0280970625798212,0.0023041474654377225,-0.002865329512893977,0.002525252525252597,0.017343184881495402,0.45664409757513574,0.091972748127419,3915,4306.5,4698.0,-1.1363636363636354,45.664409757513575,9.1972748127419
2026-09-29,086280,086280,199000,199000,194600,197200,106735,-0.004543160020191839,-0.033333333333333326,-0.03804878048780491,0.6775352026622782,0.5909090909090909,0.912962962962963,32.222222222222214,21048142000,0.02231237322515213,-0.013802760552110382,-0.030672434132913873,0.004543160020191728,0.023618492228095818,0.4344484283314059,0.04014495978935537,197200,216920.00000000003,236640.0,-0.4543160020191839,43.44484283314059,4.014495978935536
2026-09-29,064960,064960,26950,27050,26150,27000,81783,-0.00917431192660545,0.034482758620689724,0.044487427466150864,1.0478061642514924,0.9444444444444444,0.9424083769633508,51.81818181818182,2208141000,0.03333333333333333,0.029355699580632777,0.025738436698641953,-0.011009174311926606,0.023419016593551976,0.3816865419539608,0.08382740908021266,27000,29700.000000000004,32400.0,-0.917431192660545,38.16865419539608,8.382740908021265
2026-09-29,055550,055550,110000,110800,109200,110300,717092,-0.004512635379061325,-0.007200720072007227,0.005469462169553241,0.6477827443783375,0.6875,0.9467811158798283,42.17391304347826,79095247600,0.014505893019038985,-0.010229720028715028,-0.014342522675483638,-0.0072202166064981865,0.02092508800437605,0.4270377599459412,0.037194759222845576,110300,121330.00000000001,132360.0,-0.4512635379061325,42.70377599459412,3.7194759222845577
2026-09-29,017900,017900,9590,9690,9210,9450,938897,-0.015625,-0.10511363636363635,0.25832223701731016,0.11492254983046482,0.5,0.7752255947497949,66.61971830985917,8872576650,0.050793650793650794,-0.05707443624027142,0.06287256776515582,-0.0010416666666667185,0.08177630120223048,0.38282921467824976,0.1679544875817513,9450,10395.0,11340.0,-1.5625,38.28292146782498,16.79544875817513
2026-09-29,139480,139480,72200,72400,71100,71900,52337,-0.001388888888888884,-0.0257452574525745,-0.04260985352862845,0.5701313152824976,0.6153846153846154,0.9398692810457516,36.781609195402304,3763030300,0.01808066759388039,-0.006082388719933607,-0.023959818095432017,0.002777777777777768,0.011398660782633468,0.4340159665272126,0.024522993618789013,71900,79090.0,86280.0,-0.1388888888888884,43.40159665272126,2.452299361878901
2026-09-29,010120,010120,203000,207500,201500,206500,226502,0.01724137931034475,-0.00959232613908878,-0.037296037296037254,0.5659123400780827,0.8333333333333334,0.9450800915331807,49.56970740103271,46772663000,0.029055690072639227,-0.005777563793933571,0.015290820590982745,0.0,0.02869701772533332,0.4437221585799955,0.04759823246482375,206500,227150.00000000003,247800.0,1.724137931034475,44.37221585799955,4.759823246482375
2026-09-29,003300,003300,17740,17770,17280,17640,6172,0.0005672149744753163,-0.021630615640598982,-0.07933194154488521,0.39671928832210623,0.7346938775510204,0.92018779342723,35.16129032258064,108874080,0.027777777777777776,-0.007427413909520619,-0.02866110514578346,0.00623936471922848,0.014305616729923188,0.4229896811991771,0.03038199167427643,17640,19404.0,21168.0,0.05672149744753163,42.29896811991771,3.038199167427643
2026-09-29,005930,005930,266000,276000,266000,275000,15653425,0.0185185185185186,0.05769230769230771,0.07003891050583655,0.9235559651562587,0.9,0.9598603839441536,53.086419753086425,4304691875000,0.03636363636363636,-0.006502890173410436,0.04423770647427383,-0.014814814814814836,0.029833226241498735,0.44525391296190797,0.11266488321518921,275000,302500.0,330000.0,1.85185185185186,44.5253912961908,11.26648832151892
2026-09-29,000120,000120,70900,71000,69900,70500,25049,0.0014204545454545858,-0.007042253521126751,-0.05622489959839361,0.5622059102432171,0.5454545454545454,0.9437751004016064,28.94736842105263,1765954500,0.015602836879432624,-0.0011334655709832608,-0.022055763628797354,0.007102272727272707,0.01044559148360879,0.4572577301462078,0.017486125217135287,70500,77550.0,84600.0,0.14204545454545858,45.72577301462078,1.7486125217135287
2026-09-29,000050,000050,7980,7980,7800,7940,15801,-0.0037641154328732496,-0.01975308641975304,-0.04567307692307687,0.8044660312805475,0.7777777777777778,0.9508982035928144,26.0,125459940,0.022670025188916875,-0.00725181295323829,-0.024689841542807955,0.0012547051442910462,0.006477177696097234,0.4014347610237565,0.011695799848972899,7940,8734.0,9528.0,-0.37641154328732496,40.14347610237565,1.1695799848972899
2026-09-29,300720,300720,16380,16380,16030,16110,35332,-0.010442260442260487,-0.011656441717791455,-0.04955752212389386,0.5435525060767361,0.22857142857142856,0.9388111888111889,37.10937499999999,569198520,0.021725636250775917,-0.0037105751391465214,-0.02254042411188306,0.006142506142506221,0.015706309910468577,0.4647464080257315,0.027859981624322717,16110,17721.0,19332.0,-1.0442260442260487,46.47464080257315,2.785998162432272
2026-09-29,271560,271560,111600,111600,110200,110500,48190,-0.009856630824372714,-0.01777777777777778,-0.14671814671814676,0.43821460512262783,0.21428571428571427,0.8403041825095057,22.466960352422902,5324995000,0.012669683257918552,-0.0034271284271284452,-0.06672297297297303,0.0,0.01623448095694872,0.46680682483062896,0.07042763453817762,110500,121550.00000000001,132600.0,-0.9856630824372714,46.680682483062895,7.042763453817762
2026-09-29,062040,062040,200500,208000,199800,208000,160867,0.04052026013006493,-0.014218009478673022,0.02716049382716057,0.5913001862849027,1.0,0.9674418604651163,55.8408215661104,33460336000,0.03942307692307692,0.013250194855806807,0.04538372618987796,0.0030015007503751967,0.03388223230567387,0.40491032184111775,0.06658196989988327,208000,228800.00000000003,249600.0,4.052026013006493,40.49103218411177,6.658196989988327
2026-09-29,008490,008490,20200,20200,19510,20050,21521,-0.00987654320987652,-0.019559902200488977,-0.12445414847161573,1.470591249978646,0.782608695652174,0.8679653679653679,32.590529247910865,431496050,0.0344139650872818,-0.0012950787009364806,-0.035895463178900244,-0.0024691358024691024,0.015029564380914304,0.41624373493847405,0.08133764776085509,20050,22055.0,24060.0,-0.987654320987652,41.62437349384741,8.133764776085508
2026-09-29,128940,128940,503000,514000,485500,502000,64128,-0.001988071570576566,-0.005940594059405946,-0.013752455795677854,0.5356623776700424,0.5789473684210527,0.9400749063670412,58.57605177993528,32192256000,0.05677290836653386,-0.009471191791633804,0.024698918146560445,0.0,0.02824839783861162,0.4358508243031993,0.05123742525059196,502000,552200.0,602400.0,-0.1988071570576566,43.58508243031993,5.123742525059196
2026-09-29,024720,024720,9190,9410,9190,9370,9116,0.002139037433155133,-0.007415254237288171,-0.11016144349477686,0.3644067796610169,0.8181818181818182,0.8932316491897044,23.88059701492537,85416920,0.023479188900747065,0.0,-0.024821772389030494,-0.01711229946524062,0.008293063475915444,0.4343548028975218,0.03394940131583939,9370,10307.0,11244.0,0.21390374331551332,43.435480289752185,3.3949401315839394
2026-09-29,006120,006120,63100,65500,62500,63300,25942,-0.012480499219968744,0.12035398230088501,0.25844930417495027,0.9646125300720987,0.26666666666666666,0.966412213740458,78.04878048780488,1642128600,0.04739336492890995,0.04766633565044698,0.11561508635882967,-0.015600624024960985,0.026464805336483058,0.4777183521603657,0.16912557241217915,63300,69630.0,75960.0,-1.2480499219968744,47.77183521603657,16.912557241217915
2026-09-29,383800,383800,8230,8230,8060,8140,48039,-0.006105006105006083,0.014962593516209433,-0.003671970624234966,0.6537368151032134,0.47058823529411764,0.980722891566265,42.10526315789474,391037460,0.020884520884520884,0.0036991368680641123,0.0043183220234424,0.004884004884004867,0.009985777408675586,0.4461713049823864,0.013269573933420004,8140,8954.0,9768.0,-0.6105006105006083,44.61713049823864,1.3269573933420005
2026-09-29,012330,012330,369000,371500,362000,367500,222051,-0.010767160161507361,-0.0341655716162943,-0.1842397336293008,0.793955737479834,0.5789473684210527,0.7989130434782609,7.843137254901947,81603742500,0.02585034013605442,-0.00996767241379315,-0.08718330849478395,-0.006729475100942128,0.021824006149545886,0.44012549814138885,0.08198983726788767,367500,404250.00000000006,441000.0,-1.076716016150736,44.012549814138886,8.198983726788766
2026-09-29,016590,016590,9500,9600,9210,9410,14216,-0.017745302713987443,-0.04949494949494948,-0.09519230769230769,1.6796436546663986,0.5128205128205128,0.8712962962962963,22.22222222222223,133772560,0.04144527098831031,-0.023858921161825752,-0.06822457669076143,-0.008350730688935326,0.012084040272670092,0.462214964797414,0.08574448262191622,9410,10351.0,11292.0,-1.7745302713987443,46.2214964797414,8.574448262191622
2026-09-29,058430,058430,4620,4620,4435,4500,143543,-0.017467248908296984,-0.0625,-0.07024793388429751,0.6891672792096587,0.35135135135135137,0.9109311740890689,36.06557377049181,645943500,0.04111111111111111,-0.020461471484545024,-0.04245132460900092,0.008733624454148492,0.018837049966087573,0.46654529972671804,0.07082094699890311,4500,4950.0,5400.0,-1.7467248908296984,46.6545299726718,7.082094699890311
2026-09-29,021240,021240,100700,102900,98300,101200,157785,0.0049652432969216065,-0.002955665024630516,0.007968127490039834,0.7652168599410901,0.6304347826086957,0.9267399267399268,55.73770491803278,15967842000,0.045454545454545456,0.007566706491437758,0.013013013013013053,0.0,0.02750347544333964,0.4642309092184869,0.07623972857301133,101200,111320.00000000001,121440.0,0.49652432969216065,46.42309092184869,7.6239728573011325
2026-09-29,000270,000270,116000,116300,113700,116000,905932,-0.009393680614859123,-0.046052631578947345,-0.09375,1.1809180345520058,0.8846153846153846,0.8721804511278195,17.02127659574468,105088112000,0.022413793103448276,-0.014778325123152691,-0.06190610974081112,-0.009393680614859123,0.017925254634633757,0.3965325852411283,0.0647834244122599,116000,127600.00000000001,139200.0,-0.9393680614859123,39.65325852411283,6.47834244122599
2026-09-29,034120,034120,11700,11760,11610,11670,1997,-0.006808510638297904,-0.02015113350125941,-0.048123980424143564,0.3923610428905437,0.4,0.9426494345718901,23.529411764705884,23304990,0.012853470437017995,-0.010681586978636859,-0.027175725241747273,-0.004255319148936176,0.006527409371812467,0.44508424782826933,0.012876711871520256,11670,12837.000000000002,14004.0,-0.6808510638297904,44.508424782826935,1.2876711871520257
2026-09-29,002810,002810,21550,21800,21200,21450,35087,-0.004640371229698403,0.009411764705882453,-0.035955056179775235,2.207625105781905,0.4166666666666667,0.955456570155902,32.55813953488372,752616150,0.027972027972027972,0.004683840749414525,-0.014585965315263572,0.0,0.008725530169753923,0.4553641375508343,0.016376383434956548,21450,23595.000000000004,25740.0,-0.46403712296984034,45.53641375508343,1.6376383434956547
2026-09-29,000880,000880,132000,132400,125400,127800,75097,-0.028136882129277563,-0.046979865771812124,-0.052631578947368474,0.5097276343824005,0.34285714285714286,0.8825966850828729,32.60869565217391,9597396600,0.054773082942097026,-0.021739130434782594,-0.053333333333333344,0.0038022813688212143,0.025482633697555986,0.45736639264284695,0.07965271905095189,127800,140580.0,153360.0,-2.8136882129277563,45.7366392642847,7.9652719050951895
2026-09-29,010690,010690,7410,7450,7280,7370,96799,-0.009408602150537626,-0.037859007832898195,-0.06944444444444442,0.7094425358435252,0.5294117647058824,0.8732227488151659,34.074074074074076,713408630,0.023066485753052916,-0.01285829091883206,-0.034329140461215935,-0.0040322580645161255,0.01658434514194763,0.4437204479113353,0.0738716293976475,7370,8107.000000000001,8844.0,-0.9408602150537626,44.37204479113353,7.3871629397647505
2026-09-29,042660,042660,80600,81000,78000,79100,844925,-0.017391304347826098,-0.05269461077844306,-0.10621468926553668,1.2743050970771104,0.36666666666666664,0.8701870187018702,26.162790697674424,66833567500,0.03792667509481669,-0.022974308300395263,-0.06201826159136725,0.001242236024844745,0.02423269727465945,0.4680043535612147,0.08663413199952472,79100,87010.0,94920.0,-1.7391304347826098,46.800435356121476,8.66341319995247
2026-09-29,000640,000640,95600,95600,92000,93600,8052,-0.0010672358591248265,0.0,-0.025000000000000022,0.8051114377418483,0.4444444444444444,0.9760166840458812,55.90551181102363,753667200,0.038461538461538464,-0.004043413492232362,0.0068846815834766595,0.02027748132337237,0.013736259358270017,0.44656402553174535,0.026562237121699552,93600,102960.00000000001,112320.0,-0.10672358591248265,44.65640255317454,2.6562237121699552
2026-09-29,003555,003555,68600,68800,67500,68800,2081,0.014749262536873253,0.03148425787106457,-0.036414565826330514,0.34819127932269184,1.0,0.9463548830811555,38.46153846153846,143172800,0.0188953488372093,0.012658227848101333,-0.005349139800491565,0.01179941002949847,0.014167047107437613,0.41106715642431224,0.02965140169789572,68800,75680.0,82560.0,1.4749262536873253,41.106715642431226,2.965140169789572
2026-09-29,030200,030200,52800,52900,52300,52600,173742,-0.0037878787878787845,-0.011278195488721776,-0.034862385321100864,0.6676569580071511,0.5,0.946894689468947,31.746031746031747,9138829200,0.011406844106463879,-0.006797583081570968,-0.013873265841769733,0.0,0.010905338160712773,0.43105330404718545,0.017326612099475065,52600,57860.00000000001,63120.0,-0.37878787878787845,43.10533040471854,1.7326612099475065
2026-09-29,286940,286940,17390,17400,17010,17150,6274,-0.009815242494226273,-0.06181619256017501,-0.08042895442359255,0.6759319112260289,0.358974358974359,0.9016824395373291,20.921985815602838,107599100,0.022740524781341108,-0.022792022792022748,-0.053270770080044216,0.004041570438799047,0.016796480815926284,0.4651845345439339,0.04942407719842595,17150,18865.0,20580.0,-0.9815242494226273,46.51845345439339,4.9424077198425955
2026-09-29,013580,013580,22300,22550,21650,21950,54923,-0.02444444444444449,-0.06595744680851068,-0.015695067264574036,0.7729950655996577,0.3333333333333333,0.9070247933884298,49.29577464788732,1205559850,0.04100227790432802,-0.027900797165633318,-0.019761080718990742,-0.008888888888888835,0.015197482131535,0.46352992594663645,0.12215109133678488,21950,24145.000000000004,26340.0,-2.444444444444449,46.35299259466365,12.215109133678489
2026-09-29,100840,100840,36350,36650,35200,36650,132186,0.0,-0.0027210884353741083,0.12769230769230777,0.3979874515296591,1.0,0.903822441430333,46.09053497942387,4844616900,0.03956343792633015,-0.016107382550335614,0.016432087637800796,-0.008185538881309684,0.050690100342532324,0.3684578265334365,0.07773734427726527,36650,40315.0,43980.0,0.0,36.84578265334365,7.773734427726526
2026-09-29,066970,066970,112700,112700,107400,110200,368651,-0.03755458515283838,-0.002714932126696823,-0.18249258160237392,0.5901029447921896,0.5283018867924528,0.7466124661246613,45.58521560574949,40625340200,0.04809437386569873,-0.0023537932283179686,-0.06614126520062713,-0.015720524017467263,0.05020731932090478,0.430908151597947,0.17960023992633287,110200,121220.00000000001,132240.0,-3.7554585152838382,43.0908151597947,17.960023992633285
2026-09-29,001510,001510,2285,2295,2240,2280,1486432,-0.006535947712418277,-0.03389830508474578,-0.11456310679611648,0.6163125343802239,0.7272727272727273,0.8769230769230769,26.92307692307692,3389064960,0.02412280701754386,-0.020618556701030966,-0.05148205928237126,-0.004357298474945481,0.015414905448673423,0.4295581848477567,0.06645297143531577,2280,2508.0,2736.0,-0.6535947712418277,42.95581848477567,6.645297143531577
2026-09-29,091810,091810,2655,2670,2590,2625,38059,-0.011299435028248594,-0.0019011406844106071,-0.1613418530351438,0.4649656977997846,0.4375,0.7966616084977238,32.09876543209876,99904875,0.030476190476190476,0.001908396946564972,-0.035635562086700934,0.0,0.019192297214178873,0.44636857755373754,0.09746758521482048,2625,2887.5000000000005,3150.0,-1.1299435028248594,44.636857755373754,9.746758521482048
2026-09-29,011070,011070,573000,591000,561000,589000,251267,0.026132404181184565,0.10922787193973638,-0.036006546644844484,0.9615038011748495,0.9333333333333333,0.9160186625194401,50.717703349282296,147996263000,0.050933786078098474,0.0654848046309695,0.06712564543889843,-0.0017421602787456303,0.04082551847065224,0.4337311882918945,0.1132475044047793,589000,647900.0,706800.0,2.6132404181184565,43.37311882918945,11.324750440477931
2026-09-29,453340,453340,19150,19210,18650,18980,32200,-0.015049299429164553,0.024284943335132203,0.005829358770535142,0.920273452683083,0.5892857142857143,0.968861664114344,53.80710659898477,611156000,0.029504741833508957,-0.007633587786259555,0.005057057375095875,-0.0062272963155163286,0.016923780011677048,0.451745133830802,0.06184086305232327,18980,20878.0,22776.0,-1.5049299429164553,45.1745133830802,6.184086305232326
2026-09-29,030610,030610,10000,10020,9850,9940,33462,-0.005005005005005003,-0.005005005005005003,-0.02834799608993155,0.8046873966696205,0.5294117647058824,0.9475691134413727,30.107526881720432,332612280,0.01710261569416499,-0.005204163330664535,-0.020206998521439146,0.0010010010010010895,0.011843777951582443,0.4263515672175661,0.01758911654434408,9940,10934.0,11928.0,-0.5005005005005003,42.63515672175661,1.758911654434408
2026-09-29,088260,088260,3275,3295,3230,3295,60084,0.0,-0.009022556390977488,0.03453689167974883,1.0647490173701317,1.0,0.9806547619047619,63.291139240506325,197976780,0.019726858877086494,-0.0054331421672200175,0.01603453592352766,-0.006069802731411222,0.00952486337577843,0.34955384510076365,0.01897359812821881,3295,3624.5000000000005,3954.0,0.0,34.955384510076364,1.897359812821881
2026-09-29,006260,006260,312000,322000,309000,318000,82428,0.019230769230769162,-0.01851851851851849,0.015974440894568787,0.8223031831477129,0.6923076923076923,0.9394387001477105,50.672645739910315,26212104000,0.040880503144654086,-0.009654313298038009,0.017030462940753166,0.0,0.03482110568854215,0.46755770057001556,0.08284280877331018,318000,349800.0,381600.0,1.9230769230769162,46.755770057001556,8.284280877331017
2026-09-29,001120,001120,41000,41000,39650,40400,92215,-0.013431013431013383,-0.028846153846153855,0.04663212435233155,0.962764208119522,0.5555555555555556,0.9450292397660819,52.80898876404495,3725486000,0.03341584158415842,-0.014634146341463428,-0.0025307079809888666,0.0012210012210012167,0.016962910372219638,0.4379779184763156,0.07192009215625393,40400,44440.0,48480.0,-1.3431013431013383,43.797791847631565,7.192009215625393
2026-09-29,097520,097520,18630,19200,18500,19160,24778,0.024598930481283476,0.008952080042127442,-0.04913151364764268,0.9020103932507576,0.9428571428571428,0.9123809523809524,52.09125475285171,474746480,0.03653444676409186,0.02822797037673075,0.0037982973149968124,-0.0037433155080214275,0.022987123726586952,0.4276201196298591,0.07782001286772755,19160,21076.0,22992.0,2.4598930481283476,42.76201196298591,7.782001286772755
2026-09-29,175330,175330,31250,31350,30400,30700,299975,-0.014446227929374,-0.011272141706924366,0.05679862306368322,0.5843890633381508,0.3157894736842105,0.9274924471299094,45.833333333333336,9209232500,0.030944625407166124,-0.0038935756002596023,-0.013892234802858727,0.0032102728731941976,0.024594645527828852,0.45430125780260977,0.077626203209459,30700,33770.0,36840.0,-1.4446227929374,45.43012578026098,7.762620320945899
2026-09-29,001200,001200,4110,4125,4035,4090,379274,-0.012077294685990392,-0.016826923076923128,-0.06939704209328779,0.8974227318824359,0.6111111111111112,0.9170403587443946,31.914893617021278,1551230660,0.022004889975550123,-0.014932562620423862,-0.04394576905095837,-0.007246376811594235,0.015051931573755692,0.4412338930463365,0.04118557294883919,4090,4499.0,4908.0,-1.2077294685990392,44.12338930463365,4.118557294883919
2026-09-29,448730,448730,4915,4990,4800,4955,50529,0.023760330578512345,-0.08070500927643787,-0.10235507246376807,0.451100835485992,0.8157894736842105,0.8587521663778163,35.3233830845771,250371195,0.03834510595358224,0.008138351983723258,-0.049719518626839876,0.015495867768595017,0.021167123284523966,0.48376717681859294,0.10278569160947404,4955,5450.5,5946.0,2.3760330578512345,48.37671768185929,10.278569160947404
2026-09-29,120110,120110,56000,56000,53500,54900,120839,-0.014362657091561926,-0.046875,-0.02831858407079646,0.5803663196478966,0.56,0.8755980861244019,49.22279792746114,6634061100,0.04553734061930783,-0.012944983818770184,-0.022261798753339224,0.0053859964093356805,0.0317225857002494,0.44087976578684274,0.10767265786840177,54900,60390.00000000001,65880.0,-1.4362657091561926,44.08797657868428,10.767265786840177
2026-09-29,460860,460860,9600,9600,9210,9460,149376,0.006382978723404209,-0.07797270955165692,-0.08863198458574184,1.0169962336498737,0.6410256410256411,0.8639269406392694,30.996309963099634,1413096960,0.0412262156448203,-0.024339933993399288,-0.06798029556650242,0.02127659574468077,0.021815677245568897,0.48830886172604554,0.094925009441312,9460,10406.0,11352.0,0.6382978723404209,48.83088617260455,9.492500944131201
2026-09-29,170900,170900,34700,34750,34400,34600,2391,-0.004316546762589968,-0.03081232492997199,-0.09542483660130718,0.30238072654842074,0.5714285714285714,0.9022164276401564,21.621621621621628,82728600,0.010115606936416185,-0.006888633754305373,-0.04082056968604897,-0.0014388489208633226,0.007481790021147331,0.42500027121554157,0.026948799772177016,34600,38060.0,41520.0,-0.4316546762589968,42.500027121554155,2.6948799772177017
2026-09-29,456040,456040,78900,79500,72600,75300,27630,-0.0540201005025126,0.0,-0.0817073170731707,0.8979044022663718,0.391304347826087,0.8964285714285715,36.40167364016736,2080539000,0.09163346613545817,-0.009471191791633804,-0.03399615137908918,-0.008793969849246186,0.026506228727198038,0.4554959309148365,0.0982832262984881,75300,82830.0,90360.0,-5.40201005025126,45.54959309148365,9.82832262984881
2026-09-29,015860,015860,7090,7090,6810,6890,74973,-0.024079320113314484,-0.01711840228245365,0.0029112081513829047,0.9805102451177526,0.2857142857142857,0.9596100278551533,58.33333333333334,516563970,0.040638606676342524,-0.009203336209375856,0.015699859954300788,0.004249291784702569,0.020861006138449576,0.4663728117855243,0.07507414493397949,6890,7579.000000000001,8268.0,-2.4079320113314484,46.63728117855243,7.507414493397949
2026-09-29,272210,272210,72400,72500,70000,72100,343870,-0.00688705234159781,-0.09762202753441807,-0.04881266490765168,0.6314097282121457,0.84,0.8686746987951808,52.38095238095238,24793027000,0.03467406380027739,-0.035838459481144724,-0.004143646408839796,-0.0027548209366391463,0.04499589109460101,0.4155548861702618,0.1223916713633448,72100,79310.0,86520.0,-0.688705234159781,41.555488617026185,12.23916713633448
2026-09-29,404990,404990,3950,3995,3800,3955,34783,-0.027060270602705994,0.027272727272727337,0.016709511568123503,0.6544246996735684,0.7948717948717948,0.9564691656590084,52.44444444444444,137566765,0.0493046776232617,0.004827235772357774,0.023285899094437346,-0.028290282902828978,0.023289256156642315,0.46235555977470105,0.10430697226315178,3955,4350.5,4746.0,-2.7060270602705994,46.235555977470106,10.430697226315178
2026-09-29,136490,136490,10400,10400,10000,10090,70514,-0.017526777020447915,-0.013685239491691092,-0.01560975609756099,0.894434550537569,0.225,0.8889867841409692,19.04761904761905,711486260,0.03964321110009911,-0.012333594361785383,-0.039459279356466315,0.012658227848101333,0.023869921253190984,0.4714446644985273,0.055529996743770134,10090,11099.0,12108.0,-1.7526777020447915,47.14446644985273,5.552999674377014
2026-09-29,005389,005389,175200,175200,172900,174200,3406,-0.005707762557077611,0.018118059614260718,-0.07684154742978277,0.4544453858316043,0.5652173913043478,0.9187763713080169,28.431372549019613,593325200,0.01320321469575201,0.0013796275005748537,-0.018757393116656362,0.0,0.016030784984618518,0.44900298329359606,0.030710746461742256,174200,191620.00000000003,209040.0,-0.5707762557077611,44.90029832935961,3.0710746461742255
2026-09-29,123890,123890,2465,2470,2415,2440,99617,-0.010141987829614618,-0.008130081300813052,-0.06513409961685823,0.6103795839588247,0.45454545454545453,0.9053803339517625,24.48979591836735,243065480,0.022540983606557378,-0.0016366612111292644,-0.033184744923229315,0.0,0.009118536329422366,0.4463898075484758,0.040168286632506676,2440,2684.0,2928.0,-1.0141987829614618,44.63898075484758,4.016828663250668
2026-09-29,009900,009900,8230,8260,8040,8120,128135,-0.022864019253910906,0.02267002518891692,0.021383647798742134,0.40979844766870466,0.36363636363636365,0.8768898488120951,41.34275618374558,1040456200,0.027093596059113302,-0.024273011295361746,-0.010057909174032265,-0.009626955475330878,0.04405568346840692,0.4687088775936535,0.10594764929623748,8120,8932.0,9744.0,-2.2864019253910906,46.870887759365345,10.594764929623748
2026-09-29,077500,077500,9730,10170,9400,10030,380433,0.03937823834196896,0.2128174123337363,0.39112343966712904,1.2401182573807774,0.8181818181818182,0.9634966378482228,88.64864864864865,3815742990,0.07676969092721835,0.10050471801623884,0.28532068943422817,0.008290155440414448,0.0431265200577379,0.47868950613344363,0.2242425020154333,10030,11033.0,12036.0,3.9378238341968963,47.86895061334436,22.42425020154333
2026-09-29,005690,005690,12150,12240,11850,12190,501980,0.003292181069958877,-0.028685258964143423,0.08645276292335113,0.3477639773175418,0.8717948717948718,0.88205499276411,68.44783715012723,6119136200,0.03199343724364233,-0.015506380229365235,0.07410344523746581,0.0,0.030004713898058963,0.43860861383274835,0.09557632972268902,12190,13409.000000000002,14628.0,0.3292181069958877,43.86086138327484,9.557632972268902
2026-09-29,009155,009155,525000,534000,518000,533000,30136,0.030947775628626717,0.05335968379446632,0.05128205128205132,0.9730707135938005,0.9375,0.9888682745825603,57.61904761904762,16062488000,0.0300187617260788,0.02776706517547245,0.055184360306854696,0.015473887814313247,0.02229287784173736,0.4323965267601874,0.08439520839232699,533000,586300.0,639600.0,3.0947775628626717,43.23965267601874,8.4395208392327
2026-09-29,051600,051600,45900,45900,44550,45150,105285,-0.018478260869565166,-0.040382571732199835,-0.040382571732199835,0.8078144355446024,0.4444444444444444,0.9084507042253521,40.17857142857142,4753617750,0.029900332225913623,-0.02018229166666663,-0.034534373997647805,-0.0021739130434782483,0.020848378595929144,0.4500242766922366,0.0845228916094195,45150,49665.00000000001,54180.0,-1.8478260869565166,45.00242766922366,8.45228916094195
2026-09-29,039130,039130,30200,30300,29850,30200,13133,-0.0049423393739703725,-0.016286644951140072,-0.0820668693009119,0.439037680752445,0.7777777777777778,0.8400556328233658,28.688524590163937,396616600,0.014900662251655629,-0.0069056231502795384,-0.06094527363184077,-0.0049423393739703725,0.01837718067547097,0.4102194097664815,0.0752592283098496,30200,33220.0,36240.0,-0.49423393739703725,41.02194097664815,7.52592283098496
2026-09-29,025560,025560,7060,7710,6990,7710,872721,0.07681564245810057,0.26600985221674867,0.17889908256880727,2.1314337888480606,1.0,1.0,75.7679180887372,6728678910,0.0933852140077821,0.13549337260677463,0.2259500715535061,-0.013966480446927387,0.03656807745369291,0.4087281813735158,0.164018908925239,7710,8481.0,9252.0,7.6815642458100575,40.87281813735158,16.401890892523898
2026-09-29,077970,077970,21850,21950,21200,21550,118969,-0.02488687782805432,-0.09071729957805907,-0.14822134387351782,0.858541520757763,0.4666666666666667,0.832046332046332,36.62790697674418,2563781950,0.03480278422273782,-0.040516473731077474,-0.08657412313235135,-0.011312217194570096,0.03016394877421247,0.4829807537445425,0.1676490215167677,21550,23705.000000000004,25860.0,-2.488687782805432,48.29807537445425,16.76490215167677
2026-09-29,00680K,00680K,10580,10580,10070,10240,232238,-0.03668861712135463,-0.023832221163012424,-0.11724137931034484,1.180096922849432,0.3333333333333333,0.8881179531656548,32.173913043478265,2378117120,0.0498046875,-0.0410189174002622,-0.05351696090211666,-0.00470366886171214,0.01890653280458218,0.46400872238567303,0.10118956020728077,10240,11264.0,12288.0,-3.6688617121354627,46.4008722385673,10.118956020728078
2026-09-29,003920,003920,42400,42950,41850,42200,2675,0.002375296912114022,-0.0174621653084982,-0.04416761041902606,0.9308718876689923,0.3181818181818182,0.9430167597765363,25.352112676056336,112885000,0.026066350710900472,-0.005186232909005217,-0.02167613307059235,0.0071258907363420665,0.00858560264962126,0.4833788037366084,0.0214217715431001,42200,46420.00000000001,50640.0,0.23752969121140222,48.33788037366084,2.14217715431001
2026-09-29,082740,082740,47600,47900,45550,46900,508995,-0.013669821240799185,-0.09108527131782951,-0.02797927461139893,0.6844059990052485,0.574468085106383,0.8653136531365314,52.34741784037559,23871865500,0.050106609808102345,-0.03279026603423385,-0.02787853663592077,0.001051524710830698,0.04141458832308841,0.4572104631012067,0.13008341423578282,46900,51590.00000000001,56280.0,-1.3669821240799185,45.72104631012067,13.008341423578281
2026-09-29,402340,402340,1096000,1127000,1087000,1126000,434081,0.031135531135531025,0.050373134328358216,0.095330739299611,0.8357714275922347,0.975,0.9375520399666945,50.1098901098901,488775206000,0.035523978685612786,-0.006353688669255231,0.04676024914009491,0.00366300366300365,0.04577184448075931,0.4348674053261672,0.12933307623113616,1126000,1238600.0,1351200.0,3.1135531135531025,43.48674053261672,12.933307623113615
2026-09-29,001800,001800,24100,24350,23750,24050,54603,0.002083333333333437,-0.008247422680412342,-0.08206106870229013,0.9581608533831222,0.5,0.9161904761904762,21.15384615384616,1313202150,0.02494802494802495,0.003337505214851877,-0.033748493370831634,0.004166666666666652,0.009146698100905694,0.4732790403638915,0.03143674454138716,24050,26455.000000000004,28860.0,0.2083333333333437,47.32790403638915,3.143674454138716
2026-09-29,034020,034020,80500,81100,78700,80500,2145034,-0.007398273736128225,-0.0606767794632439,-0.08730158730158732,0.7462339742488653,0.75,0.8527542372881356,35.546875,172675237000,0.02981366459627329,-0.03569717297556296,-0.049979347377116845,-0.007398273736128225,0.03972457518787936,0.44936185777104787,0.11969966321315056,80500,88550.0,96600.0,-0.7398273736128225,44.93618577710479,11.969966321315056
2026-09-29,079550,079550,692000,696000,664000,681000,50237,-0.013043478260869601,-0.07598371777476254,-0.07220708446866486,0.6002163727633167,0.53125,0.8730769230769231,55.5,34211397000,0.04698972099853157,-0.030190828823696947,-0.005766844295204021,0.0028985507246377384,0.02894464041440465,0.4695193152044217,0.12490631287790757,681000,749100.0000000001,817200.0,-1.30434782608696,46.95193152044217,12.490631287790757
2026-09-29,066570,066570,212000,216000,210000,216000,555679,0.006993006993007089,0.08706592853548067,0.07196029776674928,0.7779628684744359,1.0,0.9578713968957872,51.67224080267559,120026664000,0.027777777777777776,0.019830028328611915,0.051657821705048956,-0.011655011655011704,0.03401594078814417,0.40536093414824603,0.08646345429664196,216000,237600.00000000003,259200.0,0.6993006993007089,40.536093414824606,8.646345429664196
2026-09-29,145990,145990,46000,46400,44950,46250,11321,0.017601760176017667,-0.022198731501057112,0.006528835690968515,1.0968951501557511,0.896551724137931,0.9555785123966942,43.220338983050844,523596250,0.03135135135135135,0.011149978137297678,-0.014752090323267852,0.012101210121012063,0.011566320695582482,0.4409395841488625,0.04823235674176294,46250,50875.00000000001,55500.0,1.7601760176017667,44.093958414886245,4.823235674176294
2026-09-29,033240,033240,26250,26850,26000,26650,29149,0.01717557251908386,-0.023809523809523836,-0.09353741496598644,0.3486059469550648,0.7647058823529411,0.8380503144654088,31.843575418994405,776820850,0.03189493433395872,0.0,-0.041453106735005796,0.001908396946564972,0.03663502676204453,0.4455968295187253,0.08366274737401824,26650,29315.000000000004,31980.0,1.717557251908386,44.55968295187253,8.366274737401824
2026-09-29,032830,032830,295500,295500,286000,291500,182858,-0.005119453924914641,0.02821869488536155,-0.05967741935483872,0.5850759525586074,0.5789473684210527,0.9123630672926447,33.60000000000001,53303107000,0.032590051457975985,-0.0040997608472839175,-0.020003361909564643,0.008532423208191142,0.02416009677902972,0.4579110098382319,0.041381349503094335,291500,320650.0,349800.0,-0.5119453924914641,45.79110098382319,4.138134950309434
2026-09-29,002790,002790,26750,26900,26450,26750,57901,0.007532956685499137,0.026871401151631558,-0.044642857142857095,0.54000087667022,0.6666666666666666,0.9553571428571429,53.19148936170213,1548851750,0.016822429906542057,0.009815024537561445,0.014410314751611697,0.007532956685499137,0.015657707958502055,0.4735851746816012,0.04373144296161458,26750,29425.000000000004,32100.0,0.7532956685499137,47.35851746816012,4.373144296161458
2026-09-29,001460,001460,34600,35750,34600,35600,704,0.004231311706629048,-0.017931034482758568,-0.07049608355091386,0.2534516587763037,0.8695652173913043,0.9128205128205128,39.51219512195122,25062400,0.032303370786516857,0.002534497324697238,-0.040301927483488376,-0.023977433004231274,0.02205397751989432,0.4329308197175347,0.043202434443811374,35600,39160.0,42720.0,0.42313117066290484,43.29308197175347,4.320243444381138
2026-09-29,004430,004430,11500,11570,11170,11280,84555,-0.018276762402088753,-0.03009458297506451,-0.025064822817631782,0.6378019574195252,0.275,0.9031224979983987,33.72781065088758,953780400,0.03546099290780142,-0.008787346221441172,-0.029969471556950622,0.0008703220191470518,0.018607629307808245,0.46062878237336335,0.06506125702424218,11280,12408.000000000002,13536.0,-1.8276762402088753,46.062878237336335,6.506125702424217
2026-09-29,001390,001390,4280,4310,4150,4180,162613,-0.0267753201396973,-0.044571428571428595,-0.07214206437291892,1.6499813047508256,0.1875,0.9176728869374314,28.104575163398692,679722340,0.03827751196172249,-0.015080113100848225,-0.05053946621237937,-0.0034924330616996624,0.013162881702421888,0.48257167336810713,0.05457216020650167,4180,4598.0,5016.0,-2.67753201396973,48.25716733681071,5.457216020650167
2026-09-29,001720,001720,140500,141300,138200,140500,4989,0.0021398002853068032,0.0014255167498218313,-0.09296320206584896,0.7747676395909524,0.7419354838709677,0.8983375959079284,28.82352941176471,700954500,0.02206405693950178,0.00558259375894643,-0.035590486323231585,0.0021398002853068032,0.009738381728864607,0.4467738483293145,0.04683131995537285,140500,154550.0,168600.0,0.21398002853068032,44.67738483293145,4.683131995537285
2026-09-29,016610,016610,10290,10300,10130,10290,65030,0.0,0.01379310344827589,0.042553191489361764,1.1369745776121085,0.9411764705882353,0.98,65.34653465346535,669158700,0.01652089407191448,-0.0005827505827505908,0.018458949868857433,0.0,0.010679726256202997,0.36890948580162997,0.031128712908436402,10290,11319.000000000002,12348.0,0.0,36.890948580163,3.11287129084364
2026-09-29,104700,104700,9480,10400,9290,9570,14684,0.009493670886076,0.014846235418875864,-0.05434782608695654,0.5561594545971026,0.25225225225225223,0.9201923076923076,51.388888888888886,140525880,0.11598746081504702,0.011841827024740903,-0.0009395552771688243,0.0,0.009296141653723968,0.49403624685621916,0.08356964972319217,9570,10527.0,11484.0,0.9493670886076,49.403624685621914,8.356964972319217
2026-09-29,006280,006280,124300,124600,121400,122600,12951,-0.0024410089503661414,0.004095004095004073,-0.06053639846743297,0.6088556982377457,0.375,0.9294920394238059,37.56613756613756,1587792600,0.026101141924959218,-0.006965818888708841,-0.026211278792692583,0.011391375101708734,0.011844978822079884,0.45999818350973304,0.03784404758835567,122600,134860.0,147120.0,-0.24410089503661414,45.99981835097331,3.7844047588355667
2026-09-29,020150,020150,42300,43250,41500,43200,161003,0.023696682464454888,0.023696682464454888,0.22379603399433434,0.5113478194518486,0.9714285714285714,0.9664429530201343,60.8080808080808,6955329600,0.04050925925925926,0.04071308118525652,0.09118464258651171,0.0023696682464455776,0.05762219044901433,0.4305867582148738,0.10969194160855242,43200,47520.00000000001,51840.0,2.369668246445489,43.05867582148738,10.969194160855242
2026-09-29,089860,089860,49000,49800,49000,49400,35161,-0.003027245206861706,0.008163265306122547,0.03563941299790363,0.36793182362795995,0.5,0.9303201506591338,41.964285714285715,1736953400,0.016194331983805668,-0.0018185492018589766,-5.060472648144021e-05,-0.011099899091826404,0.022065131159568388,0.44844611300220677,0.054707558429963055,49400,54340.00000000001,59280.0,-0.3027245206861706,44.84461130022068,5.470755842996305
2026-09-29,052690,052690,122700,123800,119100,122300,255663,-0.021599999999999953,-0.09138187221396732,-0.0008169934640522847,0.34267178724843256,0.6808510638297872,0.7936404931862427,50.0,31267584900,0.038430089942763694,-0.05486862442040186,-0.05537962462346491,-0.018399999999999972,0.07159917144788845,0.4484004509807783,0.16274095356154544,122300,134530.0,146760.0,-2.1599999999999953,44.84004509807783,16.274095356154543
2026-09-29,007310,007310,321000,321000,315000,315500,1845,-0.010971786833855801,-0.003159557661927326,-0.06932153392330387,0.5080335384742473,0.08333333333333333,0.9252199413489736,30.588235294117638,582097500,0.01901743264659271,0.0015873015873015817,-0.035020645358617486,0.006269592476489061,0.00984573500662719,0.4856068564722621,0.027136050648674873,315500,347050.0,378600.0,-1.0971786833855801,48.56068564722621,2.713605064867487
2026-09-29,003200,003200,11110,11130,10450,10820,33174,-0.02169981916817365,-0.09682804674457424,-0.01187214611872145,0.28384243980947116,0.5441176470588235,0.8387596899224806,54.43037974683545,358942680,0.06284658040665435,-0.022936608271627246,-0.013538770114418508,0.004520795660036159,0.042356190766751366,0.451678427192819,0.13915672396084086,10820,11902.000000000002,12984.0,-2.169981916817365,45.1678427192819,13.915672396084085
2026-09-29,000157,000157,385000,385000,363500,371000,292,-0.031331592689295085,0.017832647462277196,0.07692307692307687,0.8914669516104411,0.3488372093023256,0.9160493827160494,58.33333333333333,108332000,0.057951482479784364,-0.044060809069827345,0.03292267000765636,0.005221932114882533,0.03134762408072115,0.4646689159289353,0.16788412659585011,371000,408100.00000000006,445200.0,-3.1331592689295085,46.466891592893525,16.78841265958501
2026-09-29,037710,037710,34600,34700,34100,34250,14163,-0.014388489208633115,-0.024216524216524205,-0.0854472630173565,0.6410163569378944,0.25,0.9194630872483222,31.16883116883116,485082750,0.017518248175182483,-0.00810889081957722,-0.02885092507265896,-0.004316546762589968,0.01224504906057172,0.46533493377522256,0.036727253472609404,34250,37675.0,41100.0,-1.4388489208633115,46.533493377522255,3.6727253472609402
2026-09-29,036530,036530,47700,49900,46100,46750,44642,-0.02604166666666663,0.014099783080260275,0.01300108342361872,3.5525174474586794,0.17105263157894737,0.93687374749499,48.611111111111114,2087013500,0.08128342245989305,0.005592600559260141,0.005700763687210841,-0.006249999999999978,0.02255402465488378,0.4827074972916949,0.11052736790084773,46750,51425.00000000001,56100.0,-2.604166666666663,48.27074972916949,11.052736790084774
2026-09-29,012750,012750,83500,84800,82200,82800,74750,-0.0012062726176115257,-0.007194244604316502,-0.008383233532934131,1.0789829989809205,0.23076923076923078,0.9387755102040817,60.8187134502924,6189300000,0.03140096618357488,-0.0055248618784530246,0.00877192982456143,0.007237635705669376,0.01797866215199251,0.4734560151540832,0.060952333519760975,82800,91080.00000000001,99360.0,-0.12062726176115257,47.34560151540832,6.0952333519760975
2026-09-29,0030R0,0030R0,3805,3805,3695,3745,19038,-0.015768725361366642,0.0,-0.04949238578680204,1.284190787121667,0.45454545454545453,0.9304347826086956,38.23529411764706,71297310,0.029372496662216287,0.0005343307507346129,-0.026703917874082217,0.0,0.02319454654351883,0.44428912431927053,0.049042418853416814,3745,4119.5,4494.0,-1.5768725361366642,44.42891243192705,4.904241885341682
2026-09-29,044820,044820,25350,26000,25000,25950,12131,0.021653543307086576,0.01964636542239684,-0.03171641791044777,0.4525521576527424,0.95,0.9436363636363636,64.57142857142857,314799450,0.038535645472061654,0.01605324980422873,0.05983255054114767,-0.0019685039370078705,0.03229002629564911,0.4244999576834808,0.04791724491936071,25950,28545.000000000004,31140.0,2.1653543307086576,42.44999576834808,4.791724491936071
2026-09-29,322000,322000,124000,124000,118500,122200,210398,-0.02861685214626386,-0.0362776025236593,-0.10147058823529409,0.8109982272736208,0.6727272727272727,0.8284745762711865,37.60129659643436,25710635600,0.045008183306055646,0.008916776750330202,-0.05647994440798365,-0.014308426073131986,0.04050207507366694,0.455416208135594,0.15753051491371806,122200,134420.0,146640.0,-2.861685214626386,45.541620813559405,15.753051491371806
2026-09-29,452260,452260,2725,2880,2650,2855,1530096,0.049632352941176405,0.06728971962616814,0.40294840294840295,0.6976246368419082,0.8913043478260869,0.9299674267100977,72.72727272727272,4368424080,0.08056042031523643,0.04007285974499086,0.14120115918856802,0.0018382352941177516,0.03350736110942408,0.43669387261677506,0.19682392698128767,2855,3140.5000000000005,3426.0,4.9632352941176405,43.66938726167751,19.682392698128766
2026-09-29,306200,306200,145200,146900,142400,146500,7532,0.0020519835841312783,-0.010135135135135087,0.05168700646087587,0.8540602445841673,0.9111111111111111,0.9575163398692811,52.336448598130836,1103438000,0.030716723549488054,0.01524601524601521,0.009370263194157458,-0.0068399452804377425,0.023535368030232807,0.4077869200256035,0.056696583746705095,146500,161150.0,175800.0,0.20519835841312783,40.778692002560355,5.66965837467051
2026-09-29,005010,005010,3945,3945,3800,3855,189413,-0.021573604060913687,-0.05282555282555279,-0.0012953367875647714,0.4333813932667358,0.3793103448275862,0.910271546635183,49.21465968586387,730187115,0.03761348897535668,-0.021076688674454003,-0.01375119923249124,0.0012690355329949554,0.01965877322762237,0.45431545541742585,0.08953809025397791,3855,4240.5,4626.0,-2.1573604060913687,45.43154554174259,8.95380902539779
2026-09-29,317400,317400,9760,9800,9170,9750,910445,0.00723140495867769,-0.028884462151394397,-0.1333333333333333,0.8159441077233169,0.9206349206349206,0.8179530201342282,41.35188866799205,8876838750,0.06461538461538462,-0.007128309572301372,-0.06836749319191626,0.008264462809917328,0.053767348020498866,0.4227958471780693,0.10609782546526114,9750,10725.0,11700.0,0.723140495867769,42.27958471780693,10.609782546526114
